WARN [neovide::settings::config] Error while trying to watch config file parent directory for changes: No path was found. about ["/home/devdad/.config/neovide"]
TRACE [neovide::renderer::fonts::font_loader] Loading font FontKey { font_desc: None, hinting: Full, edging: AntiAlias }
INFO [neovide::renderer::fonts::caching_shaper] Reset Font Loader: font_size: 18.67px, font_width: 11.49px
DEBUG [neovide::renderer::fonts::caching_shaper] Updating font options: FontOptions { normal: [], italic: None, bold: None, bold_italic: None, features: {}, size: 18.666668, width: 0.0, hinting: Full, edging: AntiAlias, underline_offset: None }
TRACE [neovide::renderer::grid_renderer] Updated font dimensions: GridScale { transform: Transform2 { matrix: [(11.487181, 0.0, 0.0), (0.0, 23.0, 0.0), (0.0, 0.0, 1.0)] } }
TRACE [neovide::renderer::fonts::font_loader] Loading font FontKey { font_desc: None, hinting: Full, edging: AntiAlias }
DEBUG [neovide::bridge::session] Starting neovim with: Command { std: "nvim" "--embed" "-p" "/tmp/neovide.log", kill_on_drop: false }
INFO [neovide::bridge::setup] Neovim version: "NVIM v0.12.5\nBuild type: RelWithDebInfo\nLuaJIT 2.1.1788460057\nRun \"nvim -V1 -v\" for more info"
INFO [neovide::bridge] Neovide registered to nvim with channel id 1
TRACE [neovide::bridge::handler] Neovim notification: "neovide.intro_banner_allowed"
TRACE [neovide::channel_utils] neovim_handler NeovideIntroBannerAllowed(false)
TRACE [neovide::settings] Initial value load failed for cursor_animation_length: Error processing request: 1 - 'Key not found: neovide_cursor_animation_length')
TRACE [neovide::bridge::handler] Neovim notification: "setting_changed"
TRACE [neovide::settings] Initial value load failed for cursor_vfx_mode: Error processing request: 1 - 'Key not found: neovide_cursor_vfx_mode')
TRACE [neovide::bridge::handler] Neovim notification: "setting_changed"
TRACE [neovide::settings] Initial value load failed for cursor_vfx_particle_curl: Error processing request: 1 - 'Key not found: neovide_cursor_vfx_particle_curl')
TRACE [neovide::bridge::handler] Neovim notification: "setting_changed"
TRACE [neovide::settings] Initial value load failed for input_ime: Error processing request: 1 - 'Key not found: neovide_input_ime')
TRACE [neovide::bridge::handler] Neovim notification: "setting_changed"
TRACE [neovide::settings] Initial value load failed for touch_drag_timeout: Error processing request: 1 - 'Key not found: neovide_touch_drag_timeout')
TRACE [neovide::bridge::handler] Neovim notification: "setting_changed"
TRACE [neovide::settings] Initial value load failed for pixel_geometry: Error processing request: 1 - 'Key not found: neovide_pixel_geometry')
TRACE [neovide::bridge::handler] Neovim notification: "setting_changed"
TRACE [neovide::settings] Initial value load failed for cursor_vfx_particle_density: Error processing request: 1 - 'Key not found: neovide_cursor_vfx_particle_density')
TRACE [neovide::bridge::handler] Neovim notification: "setting_changed"
TRACE [neovide::settings] Initial value load failed for iso_layout: Error processing request: 1 - 'Key not found: neovide_iso_layout')
TRACE [neovide::bridge::handler] Neovim notification: "setting_changed"
TRACE [neovide::settings] Initial value load failed for confirm_quit: Error processing request: 1 - 'Key not found: neovide_confirm_quit')
TRACE [neovide::bridge::handler] Neovim notification: "setting_changed"
TRACE [neovide::settings] Initial value load failed for cursor_trail_size: Error processing request: 1 - 'Key not found: neovide_cursor_trail_size')
TRACE [neovide::bridge::handler] Neovim notification: "setting_changed"
TRACE [neovide::settings] Initial value load failed for message_area_drag_selection: Error processing request: 1 - 'Key not found: neovide_message_area_drag_selection')
TRACE [neovide::bridge::handler] Neovim notification: "setting_changed"
TRACE [neovide::settings] Initial value load failed for cursor_animate_command_line: Error processing request: 1 - 'Key not found: neovide_cursor_animate_command_line')
TRACE [neovide::bridge::handler] Neovim notification: "setting_changed"
TRACE [neovide::settings] Initial value load failed for cursor_smooth_blink: Error processing request: 1 - 'Key not found: neovide_cursor_smooth_blink')
TRACE [neovide::bridge::handler] Neovim notification: "setting_changed"
TRACE [neovide::settings] Initial value load failed for light_radius: Error processing request: 1 - 'Key not found: neovide_light_radius')
TRACE [neovide::bridge::handler] Neovim notification: "setting_changed"
TRACE [neovide::settings] Initial value load failed for progress_bar_enabled: Error processing request: 1 - 'Key not found: neovide_progress_bar_enabled')
TRACE [neovide::bridge::handler] Neovim notification: "setting_changed"
TRACE [neovide::settings] Initial value load failed for padding_right: Error processing request: 1 - 'Key not found: neovide_padding_right')
TRACE [neovide::bridge::handler] Neovim notification: "setting_changed"
TRACE [neovide::settings] Initial value load failed for cursor_vfx_opacity: Error processing request: 1 - 'Key not found: neovide_cursor_vfx_opacity')
TRACE [neovide::bridge::handler] Neovim notification: "setting_changed"
TRACE [neovide::settings] Initial value load failed for scroll_animation_length: Error processing request: 1 - 'Key not found: neovide_scroll_animation_length')
TRACE [neovide::bridge::handler] Neovim notification: "setting_changed"
TRACE [neovide::settings] Initial value load failed for window_blurred: Error processing request: 1 - 'Key not found: neovide_window_blurred')
TRACE [neovide::bridge::handler] Neovim notification: "setting_changed"
TRACE [neovide::settings] Initial value load failed for floating_corner_radius: Error processing request: 1 - 'Key not found: neovide_floating_corner_radius')
TRACE [neovide::bridge::handler] Neovim notification: "setting_changed"
TRACE [neovide::settings] Initial value load failed for underline_stroke_scale: Error processing request: 1 - 'Key not found: neovide_underline_stroke_scale')
TRACE [neovide::bridge::handler] Neovim notification: "setting_changed"
TRACE [neovide::settings] Initial value load failed for cursor_vfx_particle_speed: Error processing request: 1 - 'Key not found: neovide_cursor_vfx_particle_speed')
TRACE [neovide::bridge::handler] Neovim notification: "setting_changed"
TRACE [neovide::settings] Initial value load failed for hide_mouse_when_typing: Error processing request: 1 - 'Key not found: neovide_hide_mouse_when_typing')
TRACE [neovide::bridge::handler] Neovim notification: "setting_changed"
TRACE [neovide::settings] Initial value load failed for floating_z_height: Error processing request: 1 - 'Key not found: neovide_floating_z_height')
TRACE [neovide::bridge::handler] Neovim notification: "setting_changed"
TRACE [neovide::settings] Initial value load failed for debug_renderer: Error processing request: 1 - 'Key not found: neovide_debug_renderer')
TRACE [neovide::bridge::handler] Neovim notification: "setting_changed"
TRACE [neovide::settings] Initial value load failed for padding_top: Error processing request: 1 - 'Key not found: neovide_padding_top')
TRACE [neovide::bridge::handler] Neovim notification: "setting_changed"
TRACE [neovide::settings] Initial value load failed for refresh_rate: Error processing request: 1 - 'Key not found: neovide_refresh_rate')
TRACE [neovide::bridge::handler] Neovim notification: "setting_changed"
TRACE [neovide::settings] Initial value load failed for text_gamma: Error processing request: 1 - 'Key not found: neovide_text_gamma')
TRACE [neovide::bridge::handler] Neovim notification: "setting_changed"
TRACE [neovide::settings] Initial value load failed for cursor_short_animation_length: Error processing request: 1 - 'Key not found: neovide_cursor_short_animation_length')
TRACE [neovide::bridge::handler] Neovim notification: "setting_changed"
TRACE [neovide::settings] Initial value load failed for cursor_vfx_particle_highlight_lifetime: Error processing request: 1 - 'Key not found: neovide_cursor_vfx_particle_highlight_lifetime')
TRACE [neovide::bridge::handler] Neovim notification: "setting_changed"
TRACE [neovide::settings] Initial value load failed for show_border: Error processing request: 1 - 'Key not found: neovide_show_border')
TRACE [neovide::bridge::handler] Neovim notification: "setting_changed"
TRACE [neovide::settings] Initial value load failed for floating_blur_amount_x: Error processing request: 1 - 'Key not found: neovide_floating_blur_amount_x')
TRACE [neovide::bridge::handler] Neovim notification: "setting_changed"
TRACE [neovide::settings] Initial value load failed for cursor_vfx_particle_phase: Error processing request: 1 - 'Key not found: neovide_cursor_vfx_particle_phase')
TRACE [neovide::bridge::handler] Neovim notification: "setting_changed"
TRACE [neovide::settings] Initial value load failed for scale_factor: Error processing request: 1 - 'Key not found: neovide_scale_factor')
TRACE [neovide::bridge::handler] Neovim notification: "setting_changed"
TRACE [neovide::settings] Initial value load failed for floating_blur: Error processing request: 1 - 'Key not found: neovide_floating_blur')
TRACE [neovide::bridge::handler] Neovim notification: "setting_changed"
TRACE [neovide::settings] Initial value load failed for floating_blur_amount_y: Error processing request: 1 - 'Key not found: neovide_floating_blur_amount_y')
TRACE [neovide::bridge::handler] Neovim notification: "setting_changed"
TRACE [neovide::settings] Initial value load failed for has_mouse_grid_detection: Error processing request: 1 - 'Key not found: neovide_has_mouse_grid_detection')
TRACE [neovide::bridge::handler] Neovim notification: "setting_changed"
TRACE [neovide::settings] Initial value load failed for remember_window_size: Error processing request: 1 - 'Key not found: neovide_remember_window_size')
TRACE [neovide::bridge::handler] Neovim notification: "setting_changed"
TRACE [neovide::settings] Initial value load failed for progress_bar_animation_speed: Error processing request: 1 - 'Key not found: neovide_progress_bar_animation_speed')
TRACE [neovide::bridge::handler] Neovim notification: "setting_changed"
TRACE [neovide::settings] Initial value load failed for cursor_cell_color_fallback: Error processing request: 1 - 'Key not found: neovide_cursor_cell_color_fallback')
TRACE [neovide::bridge::handler] Neovim notification: "setting_changed"
TRACE [neovide::settings] Initial value load failed for floating_shadow: Error processing request: 1 - 'Key not found: neovide_floating_shadow')
TRACE [neovide::bridge::handler] Neovim notification: "setting_changed"
TRACE [neovide::settings] Initial value load failed for theme: Error processing request: 1 - 'Key not found: neovide_theme')
TRACE [neovide::bridge::handler] Neovim notification: "setting_changed"
TRACE [neovide::settings] Initial value load failed for padding_left: Error processing request: 1 - 'Key not found: neovide_padding_left')
TRACE [neovide::bridge::handler] Neovim notification: "setting_changed"
TRACE [neovide::settings] Initial value load failed for progress_bar_height: Error processing request: 1 - 'Key not found: neovide_progress_bar_height')
TRACE [neovide::bridge::handler] Neovim notification: "setting_changed"
TRACE [neovide::settings] Initial value load failed for experimental_layer_grouping: Error processing request: 1 - 'Key not found: neovide_experimental_layer_grouping')
TRACE [neovide::bridge::handler] Neovim notification: "setting_changed"
TRACE [neovide::settings] Initial value load failed for cursor_hack: Error processing request: 1 - 'Key not found: neovide_cursor_hack')
TRACE [neovide::bridge::handler] Neovim notification: "setting_changed"
TRACE [neovide::settings] Initial value load failed for remember_window_position: Error processing request: 1 - 'Key not found: neovide_remember_window_position')
TRACE [neovide::bridge::handler] Neovim notification: "setting_changed"
TRACE [neovide::settings] Initial value load failed for scroll_animation_far_lines: Error processing request: 1 - 'Key not found: neovide_scroll_animation_far_lines')
TRACE [neovide::bridge::handler] Neovim notification: "setting_changed"
TRACE [neovide::settings] Initial value load failed for padding_bottom: Error processing request: 1 - 'Key not found: neovide_padding_bottom')
TRACE [neovide::bridge::handler] Neovim notification: "setting_changed"
TRACE [neovide::settings] Initial value load failed for position_animation_length: Error processing request: 1 - 'Key not found: neovide_position_animation_length')
TRACE [neovide::bridge::handler] Neovim notification: "setting_changed"
TRACE [neovide::settings] Initial value load failed for cursor_unfocused_outline_width: Error processing request: 1 - 'Key not found: neovide_cursor_unfocused_outline_width')
TRACE [neovide::bridge::handler] Neovim notification: "setting_changed"
TRACE [neovide::settings] Initial value load failed for opacity: Error processing request: 1 - 'Key not found: neovide_opacity')
TRACE [neovide::bridge::handler] Neovim notification: "setting_changed"
TRACE [neovide::settings] Initial value load failed for cursor_animate_in_insert_mode: Error processing request: 1 - 'Key not found: neovide_cursor_animate_in_insert_mode')
TRACE [neovide::bridge::handler] Neovim notification: "setting_changed"
TRACE [neovide::settings] Initial value load failed for fullscreen: Error processing request: 1 - 'Key not found: neovide_fullscreen')
TRACE [neovide::bridge::handler] Neovim notification: "setting_changed"
TRACE [neovide::settings] Initial value load failed for light_angle_degrees: Error processing request: 1 - 'Key not found: neovide_light_angle_degrees')
TRACE [neovide::bridge::handler] Neovim notification: "setting_changed"
TRACE [neovide::settings] Initial value load failed for refresh_rate_idle: Error processing request: 1 - 'Key not found: neovide_refresh_rate_idle')
TRACE [neovide::bridge::handler] Neovim notification: "setting_changed"
TRACE [neovide::settings] Initial value load failed for text_contrast: Error processing request: 1 - 'Key not found: neovide_text_contrast')
TRACE [neovide::bridge::handler] Neovim notification: "setting_changed"
TRACE [neovide::settings] Initial value load failed for touch_deadzone: Error processing request: 1 - 'Key not found: neovide_touch_deadzone')
TRACE [neovide::bridge::handler] Neovim notification: "setting_changed"
TRACE [neovide::settings] Initial value load failed for profiler: Error processing request: 1 - 'Key not found: neovide_profiler')
TRACE [neovide::bridge::handler] Neovim notification: "setting_changed"
TRACE [neovide::settings] Initial value load failed for normal_opacity: Error processing request: 1 - 'Key not found: neovide_normal_opacity')
TRACE [neovide::bridge::handler] Neovim notification: "setting_changed"
TRACE [neovide::settings] Initial value load failed for cursor_vfx_particle_lifetime: Error processing request: 1 - 'Key not found: neovide_cursor_vfx_particle_lifetime')
TRACE [neovide::bridge::handler] Neovim notification: "setting_changed"
TRACE [neovide::settings] Initial value load failed for progress_bar_hide_delay: Error processing request: 1 - 'Key not found: neovide_progress_bar_hide_delay')
TRACE [neovide::bridge::handler] Neovim notification: "setting_changed"
TRACE [neovide::settings] Initial value load failed for cursor_antialiasing: Error processing request: 1 - 'Key not found: neovide_cursor_antialiasing')
TRACE [neovide::bridge::handler] Neovim notification: "setting_changed"
TRACE [neovide::bridge::handler] Neovim notification: "redraw"
INFO [neovide::bridge] Neovim process attached
TRACE [neovide::channel_utils] neovim_handler OptionSet { gui_option: AmbiWidth("single") }
TRACE [neovide::channel_utils] neovim_handler OptionSet { gui_option: ArabicShape(true) }
TRACE [neovide::channel_utils] neovim_handler OptionSet { gui_option: Emoji(true) }
TRACE [neovide::channel_utils] neovim_handler OptionSet { gui_option: GuiFont("Source Code Pro,DejaVu Sans Mono,Courier New,monospace") }
TRACE [neovide::channel_utils] neovim_handler OptionSet { gui_option: GuiFontWide("") }
TRACE [neovide::editor] Option set AmbiWidth("single")
TRACE [neovide::editor] Option set ArabicShape(true)
TRACE [neovide::editor] Option set Emoji(true)
TRACE [neovide::editor] Option set GuiFont("Source Code Pro,DejaVu Sans Mono,Courier New,monospace")
TRACE [neovide::editor] Option set GuiFontWide("")
TRACE [neovide::channel_utils] neovim_handler OptionSet { gui_option: LineSpace(0.0) }
TRACE [neovide::channel_utils] neovim_handler OptionSet { gui_option: Unknown("mousefocus", Boolean(false)) }
TRACE [neovide::channel_utils] neovim_handler OptionSet { gui_option: Unknown("mousehide", Boolean(true)) }
TRACE [neovide::editor] Option set LineSpace(0.0)
TRACE [neovide::editor] Option set Unknown("mousefocus", Boolean(false))
TRACE [neovide::editor] Option set Unknown("mousehide", Boolean(true))
TRACE [neovide::channel_utils] neovim_handler OptionSet { gui_option: Unknown("mousemoveevent", Boolean(false)) }
TRACE [neovide::channel_utils] neovim_handler OptionSet { gui_option: Pumblend(0) }
TRACE [neovide::editor] Option set Unknown("mousemoveevent", Boolean(false))
TRACE [neovide::editor] Option set Pumblend(0)
TRACE [neovide::channel_utils] neovim_handler OptionSet { gui_option: ShowTabLine(1) }
TRACE [neovide::editor] Option set ShowTabLine(1)
TRACE [neovide::channel_utils] neovim_handler OptionSet { gui_option: TermGuiColors(true) }
TRACE [neovide::channel_utils] neovim_handler OptionSet { gui_option: Unknown("termsync", Boolean(true)) }
TRACE [neovide::channel_utils] neovim_handler OptionSet { gui_option: Unknown("ttimeout", Boolean(true)) }
TRACE [neovide::channel_utils] neovim_handler OptionSet { gui_option: Unknown("ttimeoutlen", Integer(PosInt(50))) }
TRACE [neovide::channel_utils] neovim_handler OptionSet { gui_option: Unknown("verbose", Integer(PosInt(0))) }
TRACE [neovide::channel_utils] neovim_handler SetTitle { title: "" }
TRACE [neovide::channel_utils] neovim_handler OptionSet { gui_option: Unknown("ext_linegrid", Boolean(true)) }
TRACE [neovide::channel_utils] neovim_handler OptionSet { gui_option: Unknown("ext_multigrid", Boolean(true)) }
TRACE [neovide::channel_utils] neovim_handler OptionSet { gui_option: Unknown("ext_hlstate", Boolean(false)) }
TRACE [neovide::channel_utils] neovim_handler OptionSet { gui_option: Unknown("ext_termcolors", Boolean(false)) }
DEBUG [neovide::bridge::events] Ignored style attribute: "nocombine"
DEBUG [neovide::bridge::events] Ignored style attribute: "nocombine"
DEBUG [neovide::bridge::events] Ignored style attribute: "nocombine"
DEBUG [neovide::bridge::events] Ignored style attribute: "nocombine"
TRACE [neovide::channel_utils] neovim_handler HighlightAttributesDefine { id: 1, style: Style { colors: Colors { foreground: None, background: None, special: None }, reverse: false, italic: false, bold: false, strikethrough: false, blend: 0, underline: None }, name: None }
TRACE [neovide::channel_utils] neovim_handler HighlightAttributesDefine { id: 2, style: Style { colors: Colors { foreground: None, background: None, special: None }, reverse: false, italic: false, bold: true, strikethrough: false, blend: 0, underline: None }, name: None }
TRACE [neovide::channel_utils] neovim_handler HighlightAttributesDefine { id: 3, style: Style { colors: Colors { foreground: None, background: None, special: None }, reverse: true, italic: false, bold: false, strikethrough: false, blend: 0, underline: None }, name: None }
TRACE [neovide::channel_utils] neovim_handler HighlightAttributesDefine { id: 4, style: Style { colors: Colors { foreground: None, background: None, special: None }, reverse: true, italic: false, bold: false, strikethrough: false, blend: 0, underline: None }, name: None }
TRACE [neovide::channel_utils] neovim_handler HighlightAttributesDefine { id: 5, style: Style { colors: Colors { foreground: None, background: None, special: None }, reverse: false, italic: false, bold: true, strikethrough: false, blend: 0, underline: None }, name: None }
TRACE [neovide::channel_utils] neovim_handler HighlightAttributesDefine { id: 6, style: Style { colors: Colors { foreground: None, background: None, special: None }, reverse: false, italic: false, bold: false, strikethrough: false, blend: 0, underline: Some(Underline) }, name: None }
TRACE [neovide::channel_utils] neovim_handler HighlightAttributesDefine { id: 7, style: Style { colors: Colors { foreground: None, background: None, special: None }, reverse: false, italic: true, bold: false, strikethrough: false, blend: 0, underline: None }, name: None }
TRACE [neovide::channel_utils] neovim_handler HighlightAttributesDefine { id: 8, style: Style { colors: Colors { foreground: None, background: None, special: None }, reverse: false, italic: false, bold: false, strikethrough: true, blend: 0, underline: None }, name: None }
TRACE [neovide::editor] Option set TermGuiColors(true)
TRACE [neovide::editor] Option set Unknown("termsync", Boolean(true))
TRACE [neovide::channel_utils] neovim_handler HighlightAttributesDefine { id: 9, style: Style { colors: Colors { foreground: None, background: None, special: None }, reverse: false, italic: false, bold: false, strikethrough: false, blend: 0, underline: Some(UnderDouble) }, name: None }
TRACE [neovide::channel_utils] neovim_handler HighlightAttributesDefine { id: 10, style: Style { colors: Colors { foreground: None, background: None, special: None }, reverse: false, italic: false, bold: false, strikethrough: false, blend: 0, underline: Some(Underline) }, name: None }
TRACE [neovide::channel_utils] neovim_handler HighlightAttributesDefine { id: 11, style: Style { colors: Colors { foreground: Some(Color4f { r: 0.078431375, g: 0.08627451, b: 0.105882354, a: 1.0 }), background: Some(Color4f { r: 0.8784314, g: 0.8862745, b: 0.91764706, a: 1.0 }), special: None }, reverse: false, italic: false, bold: false, strikethrough: false, blend: 0, underline: None }, name: None }
TRACE [neovide::editor] Option set Unknown("ttimeout", Boolean(true))
TRACE [neovide::editor] Option set Unknown("ttimeoutlen", Integer(PosInt(50)))
TRACE [neovide::channel_utils] neovim_handler HighlightAttributesDefine { id: 12, style: Style { colors: Colors { foreground: Some(Color4f { r: 0.8784314, g: 0.8862745, b: 0.91764706, a: 1.0 }), background: Some(Color4f { r: 0.078431375, g: 0.08627451, b: 0.105882354, a: 1.0 }), special: None }, reverse: false, italic: false, bold: false, strikethrough: false, blend: 0, underline: None }, name: None }
TRACE [neovide::channel_utils] neovim_handler HighlightAttributesDefine { id: 13, style: Style { colors: Colors { foreground: Some(Color4f { r: 0.078431375, g: 0.08627451, b: 0.105882354, a: 1.0 }), background: Some(Color4f { r: 0.078431375, g: 0.08627451, b: 0.105882354, a: 1.0 }), special: Some(Color4f { r: 0.8784314, g: 0.8862745, b: 0.91764706, a: 1.0 }) }, reverse: false, italic: false, bold: false, strikethrough: false, blend: 0, underline: Some(UnderDouble) }, name: None }
TRACE [neovide::editor] Option set Unknown("verbose", Integer(PosInt(0)))
TRACE [neovide::channel_utils] neovim_handler HighlightAttributesDefine { id: 14, style: Style { colors: Colors { foreground: Some(Color4f { r: 0.078431375, g: 0.08627451, b: 0.105882354, a: 1.0 }), background: Some(Color4f { r: 0.078431375, g: 0.08627451, b: 0.105882354, a: 1.0 }), special: Some(Color4f { r: 0.8784314, g: 0.8862745, b: 0.91764706, a: 1.0 }) }, reverse: false, italic: false, bold: false, strikethrough: false, blend: 0, underline: Some(Underline) }, name: None }
TRACE [neovide::channel_utils] neovim_handler HighlightAttributesDefine { id: 15, style: Style { colors: Colors { foreground: Some(Color4f { r: 0.7019608, g: 0.9647059, b: 0.7529412, a: 1.0 }), background: None, special: None }, reverse: false, italic: false, bold: false, strikethrough: false, blend: 0, underline: None }, name: None }
TRACE [neovide::editor] Option set Unknown("ext_linegrid", Boolean(true))
TRACE [neovide::editor] Option set Unknown("ext_multigrid", Boolean(true))
TRACE [neovide::channel_utils] neovim_handler HighlightAttributesDefine { id: 16, style: Style { colors: Colors { foreground: Some(Color4f { r: 0.54901963, g: 0.972549, b: 0.96862745, a: 1.0 }), background: None, special: None }, reverse: false, italic: false, bold: false, strikethrough: false, blend: 0, underline: None }, name: None }
TRACE [neovide::channel_utils] neovim_handler HighlightAttributesDefine { id: 17, style: Style { colors: Colors { foreground: None, background: Some(Color4f { r: 0.30980393, g: 0.32156864, b: 0.34509805, a: 1.0 }), special: None }, reverse: false, italic: false, bold: false, strikethrough: false, blend: 0, underline: None }, name: None }
TRACE [neovide::channel_utils] neovim_handler HighlightAttributesDefine { id: 18, style: Style { colors: Colors { foreground: Some(Color4f { r: 0.30980393, g: 0.32156864, b: 0.34509805, a: 1.0 }), background: None, special: None }, reverse: false, italic: false, bold: false, strikethrough: false, blend: 0, underline: None }, name: None }
TRACE [neovide::editor] Option set Unknown("ext_hlstate", Boolean(false))
TRACE [neovide::editor] Option set Unknown("ext_termcolors", Boolean(false))
TRACE [neovide::channel_utils] neovim_handler HighlightAttributesDefine { id: 19, style: Style { colors: Colors { foreground: Some(Color4f { r: 0.02745098, g: 0.03137255, b: 0.050980393, a: 1.0 }), background: Some(Color4f { r: 0.9882353, g: 0.8784314, b: 0.5803922, a: 1.0 }), special: None }, reverse: false, italic: false, bold: false, strikethrough: false, blend: 0, underline: None }, name: None }
TRACE [neovide::channel_utils] neovim_handler HighlightAttributesDefine { id: 20, style: Style { colors: Colors { foreground: None, background: Some(Color4f { r: 0.17254902, g: 0.18039216, b: 0.2, a: 1.0 }), special: None }, reverse: false, italic: false, bold: false, strikethrough: false, blend: 0, underline: None }, name: None }
TRACE [neovide::channel_utils] neovim_handler HighlightAttributesDefine { id: 21, style: Style { colors: Colors { foreground: Some(Color4f { r: 0.93333334, g: 0.94509804, b: 0.972549, a: 1.0 }), background: Some(Color4f { r: 0.0, g: 0.33333334, b: 0.13725491, a: 1.0 }), special: None }, reverse: false, italic: false, bold: false, strikethrough: false, blend: 0, underline: None }, name: None }
TRACE [neovide::channel_utils] neovim_handler HighlightAttributesDefine { id: 22, style: Style { colors: Colors { foreground: Some(Color4f { r: 0.93333334, g: 0.94509804, b: 0.972549, a: 1.0 }), background: Some(Color4f { r: 0.30980393, g: 0.32156864, b: 0.34509805, a: 1.0 }), special: None }, reverse: false, italic: false, bold: false, strikethrough: false, blend: 0, underline: None }, name: None }
TRACE [neovide::channel_utils] neovim_handler HighlightAttributesDefine { id: 23, style: Style { colors: Colors { foreground: Some(Color4f { r: 1.0, g: 0.7529412, b: 0.7254902, a: 1.0 }), background: None, special: None }, reverse: false, italic: false, bold: true, strikethrough: false, blend: 0, underline: None }, name: None }
TRACE [neovide::channel_utils] neovim_handler HighlightAttributesDefine { id: 24, style: Style { colors: Colors { foreground: Some(Color4f { r: 0.93333334, g: 0.94509804, b: 0.972549, a: 1.0 }), background: Some(Color4f { r: 0.0, g: 0.4509804, b: 0.4509804, a: 1.0 }), special: None }, reverse: false, italic: false, bold: false, strikethrough: false, blend: 0, underline: None }, name: None }
TRACE [neovide::channel_utils] neovim_handler HighlightAttributesDefine { id: 25, style: Style { colors: Colors { foreground: Some(Color4f { r: 1.0, g: 0.7529412, b: 0.7254902, a: 1.0 }), background: None, special: None }, reverse: false, italic: false, bold: false, strikethrough: false, blend: 0, underline: None }, name: None }
TRACE [neovide::channel_utils] neovim_handler HighlightAttributesDefine { id: 26, style: Style { colors: Colors { foreground: None, background: Some(Color4f { r: 0.30980393, g: 0.32156864, b: 0.34509805, a: 1.0 }), special: None }, reverse: false, italic: false, bold: false, strikethrough: false, blend: 80, underline: None }, name: None }
TRACE [neovide::channel_utils] neovim_handler HighlightAttributesDefine { id: 27, style: Style { colors: Colors { foreground: None, background: Some(Color4f { r: 0.30980393, g: 0.32156864, b: 0.34509805, a: 1.0 }), special: None }, reverse: false, italic: false, bold: false, strikethrough: false, blend: 100, underline: None }, name: None }
TRACE [neovide::channel_utils] neovim_handler HighlightAttributesDefine { id: 28, style: Style { colors: Colors { foreground: Some(Color4f { r: 0.60784316, g: 0.61960787, b: 0.6431373, a: 1.0 }), background: Some(Color4f { r: 0.02745098, g: 0.03137255, b: 0.050980393, a: 1.0 }), special: None }, reverse: false, italic: false, bold: false, strikethrough: false, blend: 0, underline: None }, name: None }
TRACE [neovide::channel_utils] neovim_handler HighlightAttributesDefine { id: 29, style: Style { colors: Colors { foreground: None, background: Some(Color4f { r: 0.30980393, g: 0.32156864, b: 0.34509805, a: 1.0 }), special: None }, reverse: false, italic: false, bold: true, strikethrough: false, blend: 0, underline: None }, name: None }
TRACE [neovide::channel_utils] neovim_handler HighlightAttributesDefine { id: 30, style: Style { colors: Colors { foreground: None, background: Some(Color4f { r: 0.02745098, g: 0.03137255, b: 0.050980393, a: 1.0 }), special: None }, reverse: false, italic: false, bold: false, strikethrough: false, blend: 0, underline: None }, name: None }
TRACE [neovide::channel_utils] neovim_handler HighlightAttributesDefine { id: 31, style: Style { colors: Colors { foreground: None, background: Some(Color4f { r: 0.17254902, g: 0.18039216, b: 0.2, a: 1.0 }), special: None }, reverse: false, italic: false, bold: false, strikethrough: false, blend: 0, underline: None }, name: None }
TRACE [neovide::channel_utils] neovim_handler HighlightAttributesDefine { id: 32, style: Style { colors: Colors { foreground: None, background: Some(Color4f { r: 0.30980393, g: 0.32156864, b: 0.34509805, a: 1.0 }), special: None }, reverse: false, italic: false, bold: false, strikethrough: false, blend: 0, underline: None }, name: None }
TRACE [neovide::channel_utils] neovim_handler HighlightAttributesDefine { id: 33, style: Style { colors: Colors { foreground: None, background: Some(Color4f { r: 0.41960785, g: 0.3254902, b: 0.0, a: 1.0 }), special: None }, reverse: false, italic: false, bold: false, strikethrough: false, blend: 0, underline: None }, name: None }
TRACE [neovide::channel_utils] neovim_handler HighlightAttributesDefine { id: 34, style: Style { colors: Colors { foreground: None, background: Some(Color4f { r: 0.0, g: 0.33333334, b: 0.13725491, a: 1.0 }), special: None }, reverse: false, italic: false, bold: false, strikethrough: false, blend: 0, underline: None }, name: None }
TRACE [neovide::channel_utils] neovim_handler HighlightAttributesDefine { id: 35, style: Style { colors: Colors { foreground: None, background: Some(Color4f { r: 0.34901962, g: 0.0, b: 0.03137255, a: 1.0 }), special: None }, reverse: false, italic: false, bold: false, strikethrough: false, blend: 0, underline: None }, name: None }
TRACE [neovide::channel_utils] neovim_handler HighlightAttributesDefine { id: 36, style: Style { colors: Colors { foreground: Some(Color4f { r: 0.93333334, g: 0.94509804, b: 0.972549, a: 1.0 }), background: Some(Color4f { r: 0.41960785, g: 0.3254902, b: 0.0, a: 1.0 }), special: None }, reverse: false, italic: false, bold: false, strikethrough: false, blend: 0, underline: None }, name: None }
TRACE [neovide::channel_utils] neovim_handler HighlightAttributesDefine { id: 37, style: Style { colors: Colors { foreground: None, background: None, special: Some(Color4f { r: 1.0, g: 0.7529412, b: 0.7254902, a: 1.0 }) }, reverse: false, italic: false, bold: false, strikethrough: false, blend: 0, underline: Some(UnderCurl) }, name: None }
TRACE [neovide::channel_utils] neovim_handler HighlightAttributesDefine { id: 38, style: Style { colors: Colors { foreground: None, background: None, special: Some(Color4f { r: 0.9882353, g: 0.8784314, b: 0.5803922, a: 1.0 }) }, reverse: false, italic: false, bold: false, strikethrough: false, blend: 0, underline: Some(UnderCurl) }, name: None }
TRACE [neovide::channel_utils] neovim_handler HighlightAttributesDefine { id: 39, style: Style { colors: Colors { foreground: None, background: None, special: Some(Color4f { r: 0.7019608, g: 0.9647059, b: 0.7529412, a: 1.0 }) }, reverse: false, italic: false, bold: false, strikethrough: false, blend: 0, underline: Some(UnderCurl) }, name: None }
TRACE [neovide::channel_utils] neovim_handler HighlightAttributesDefine { id: 40, style: Style { colors: Colors { foreground: None, background: None, special: Some(Color4f { r: 0.54901963, g: 0.972549, b: 0.96862745, a: 1.0 }) }, reverse: false, italic: false, bold: false, strikethrough: false, blend: 0, underline: Some(UnderCurl) }, name: None }
TRACE [neovide::channel_utils] neovim_handler HighlightAttributesDefine { id: 41, style: Style { colors: Colors { foreground: Some(Color4f { r: 0.8784314, g: 0.8862745, b: 0.91764706, a: 1.0 }), background: Some(Color4f { r: 0.30980393, g: 0.32156864, b: 0.34509805, a: 1.0 }), special: None }, reverse: false, italic: false, bold: false, strikethrough: false, blend: 0, underline: None }, name: None }
TRACE [neovide::channel_utils] neovim_handler HighlightAttributesDefine { id: 42, style: Style { colors: Colors { foreground: Some(Color4f { r: 0.76862746, g: 0.7764706, b: 0.8039216, a: 1.0 }), background: Some(Color4f { r: 0.17254902, g: 0.18039216, b: 0.2, a: 1.0 }), special: None }, reverse: false, italic: false, bold: false, strikethrough: false, blend: 0, underline: None }, name: None }
TRACE [neovide::channel_utils] neovim_handler HighlightAttributesDefine { id: 43, style: Style { colors: Colors { foreground: Some(Color4f { r: 0.8784314, g: 0.8862745, b: 0.91764706, a: 1.0 }), background: None, special: None }, reverse: false, italic: false, bold: true, strikethrough: false, blend: 0, underline: None }, name: None }
TRACE [neovide::channel_utils] neovim_handler HighlightAttributesDefine { id: 44, style: Style { colors: Colors { foreground: None, background: Some(Color4f { r: 0.30980393, g: 0.32156864, b: 0.34509805, a: 1.0 }), special: None }, reverse: false, italic: false, bold: false, strikethrough: false, blend: 0, underline: None }, name: None }
TRACE [neovide::channel_utils] neovim_handler HighlightAttributesDefine { id: 45, style: Style { colors: Colors { foreground: Some(Color4f { r: 0.9882353, g: 0.8784314, b: 0.5803922, a: 1.0 }), background: None, special: None }, reverse: false, italic: false, bold: false, strikethrough: false, blend: 0, underline: None }, name: None }
TRACE [neovide::channel_utils] neovim_handler HighlightAttributesDefine { id: 46, style: Style { colors: Colors { foreground: Some(Color4f { r: 0.60784316, g: 0.61960787, b: 0.6431373, a: 1.0 }), background: Some(Color4f { r: 0.02745098, g: 0.03137255, b: 0.050980393, a: 1.0 }), special: None }, reverse: false, italic: false, bold: true, strikethrough: false, blend: 0, underline: None }, name: None }
TRACE [neovide::channel_utils] neovim_handler HighlightAttributesDefine { id: 47, style: Style { colors: Colors { foreground: Some(Color4f { r: 0.60784316, g: 0.61960787, b: 0.6431373, a: 1.0 }), background: Some(Color4f { r: 0.02745098, g: 0.03137255, b: 0.050980393, a: 1.0 }), special: None }, reverse: false, italic: false, bold: false, strikethrough: false, blend: 0, underline: None }, name: None }
TRACE [neovide::channel_utils] neovim_handler HighlightAttributesDefine { id: 48, style: Style { colors: Colors { foreground: Some(Color4f { r: 0.8784314, g: 0.8862745, b: 0.91764706, a: 1.0 }), background: None, special: None }, reverse: false, italic: false, bold: false, strikethrough: false, blend: 0, underline: None }, name: None }
TRACE [neovide::channel_utils] neovim_handler HighlightAttributesDefine { id: 49, style: Style { colors: Colors { foreground: Some(Color4f { r: 0.60784316, g: 0.61960787, b: 0.6431373, a: 1.0 }), background: None, special: None }, reverse: false, italic: false, bold: false, strikethrough: false, blend: 0, underline: None }, name: None }
TRACE [neovide::channel_utils] neovim_handler HighlightAttributesDefine { id: 50, style: Style { colors: Colors { foreground: Some(Color4f { r: 0.6509804, g: 0.85882354, b: 1.0, a: 1.0 }), background: None, special: None }, reverse: false, italic: false, bold: false, strikethrough: false, blend: 0, underline: None }, name: None }
TRACE [neovide::channel_utils] neovim_handler HighlightAttributesDefine { id: 51, style: Style { colors: Colors { foreground: Some(Color4f { r: 0.93333334, g: 0.94509804, b: 0.972549, a: 1.0 }), background: Some(Color4f { r: 0.34901962, g: 0.0, b: 0.03137255, a: 1.0 }), special: None }, reverse: false, italic: false, bold: false, strikethrough: false, blend: 0, underline: None }, name: None }
TRACE [neovide::channel_utils] neovim_handler HighlightAttributesDefine { id: 52, style: Style { colors: Colors { foreground: None, background: None, special: Some(Color4f { r: 1.0, g: 0.7529412, b: 0.7254902, a: 1.0 }) }, reverse: false, italic: false, bold: false, strikethrough: false, blend: 0, underline: Some(Underline) }, name: None }
TRACE [neovide::channel_utils] neovim_handler HighlightAttributesDefine { id: 53, style: Style { colors: Colors { foreground: None, background: None, special: Some(Color4f { r: 0.9882353, g: 0.8784314, b: 0.5803922, a: 1.0 }) }, reverse: false, italic: false, bold: false, strikethrough: false, blend: 0, underline: Some(Underline) }, name: None }
TRACE [neovide::channel_utils] neovim_handler HighlightAttributesDefine { id: 54, style: Style { colors: Colors { foreground: None, background: None, special: Some(Color4f { r: 0.54901963, g: 0.972549, b: 0.96862745, a: 1.0 }) }, reverse: false, italic: false, bold: false, strikethrough: false, blend: 0, underline: Some(Underline) }, name: None }
TRACE [neovide::channel_utils] neovim_handler HighlightAttributesDefine { id: 55, style: Style { colors: Colors { foreground: None, background: None, special: Some(Color4f { r: 0.6509804, g: 0.85882354, b: 1.0, a: 1.0 }) }, reverse: false, italic: false, bold: false, strikethrough: false, blend: 0, underline: Some(Underline) }, name: None }
TRACE [neovide::channel_utils] neovim_handler HighlightAttributesDefine { id: 56, style: Style { colors: Colors { foreground: None, background: None, special: Some(Color4f { r: 0.7019608, g: 0.9647059, b: 0.7529412, a: 1.0 }) }, reverse: false, italic: false, bold: false, strikethrough: false, blend: 0, underline: Some(Underline) }, name: None }
TRACE [neovide::channel_utils] neovim_handler HighlightAttributesDefine { id: 57, style: Style { colors: Colors { foreground: None, background: None, special: Some(Color4f { r: 1.0, g: 0.7529412, b: 0.7254902, a: 1.0 }) }, reverse: false, italic: false, bold: false, strikethrough: true, blend: 0, underline: None }, name: None }
TRACE [neovide::channel_utils] neovim_handler HighlightAttributesDefine { id: 58, style: Style { colors: Colors { foreground: Some(Color4f { r: 1.0, g: 0.0, b: 0.0, a: 1.0 }), background: Some(Color4f { r: 1.0, g: 0.0, b: 0.0, a: 1.0 }), special: None }, reverse: false, italic: false, bold: false, strikethrough: false, blend: 0, underline: None }, name: None }
TRACE [neovide::channel_utils] neovim_handler HighlightGroupSet { name: "", id: 0 }
TRACE [neovide::channel_utils] neovim_handler HighlightGroupSet { name: "SpecialKey", id: 1 }
TRACE [neovide::channel_utils] neovim_handler HighlightGroupSet { name: "EndOfBuffer", id: 1 }
TRACE [neovide::channel_utils] neovim_handler HighlightGroupSet { name: "TermCursor", id: 1 }
TRACE [neovide::channel_utils] neovim_handler HighlightGroupSet { name: "NonText", id: 1 }
TRACE [neovide::channel_utils] neovim_handler HighlightGroupSet { name: "Directory", id: 1 }
TRACE [neovide::channel_utils] neovim_handler HighlightGroupSet { name: "ErrorMsg", id: 1 }
TRACE [neovide::channel_utils] neovim_handler HighlightGroupSet { name: "IncSearch", id: 1 }
TRACE [neovide::channel_utils] neovim_handler HighlightGroupSet { name: "Search", id: 1 }
TRACE [neovide::channel_utils] neovim_handler HighlightGroupSet { name: "CurSearch", id: 1 }
TRACE [neovide::channel_utils] neovim_handler HighlightGroupSet { name: "MoreMsg", id: 1 }
TRACE [neovide::channel_utils] neovim_handler HighlightGroupSet { name: "ModeMsg", id: 1 }
TRACE [neovide::channel_utils] neovim_handler HighlightGroupSet { name: "LineNr", id: 1 }
TRACE [neovide::channel_utils] neovim_handler HighlightGroupSet { name: "LineNrAbove", id: 1 }
TRACE [neovide::channel_utils] neovim_handler HighlightGroupSet { name: "LineNrBelow", id: 1 }
TRACE [neovide::channel_utils] neovim_handler HighlightGroupSet { name: "CursorLineNr", id: 1 }
TRACE [neovide::channel_utils] neovim_handler HighlightGroupSet { name: "CursorLineSign", id: 1 }
TRACE [neovide::channel_utils] neovim_handler HighlightGroupSet { name: "CursorLineFold", id: 1 }
TRACE [neovide::channel_utils] neovim_handler HighlightGroupSet { name: "Question", id: 1 }
TRACE [neovide::channel_utils] neovim_handler HighlightGroupSet { name: "StatusLine", id: 1 }
TRACE [neovide::channel_utils] neovim_handler HighlightGroupSet { name: "StatusLineNC", id: 1 }
TRACE [neovide::channel_utils] neovim_handler HighlightGroupSet { name: "WinSeparator", id: 1 }
TRACE [neovide::channel_utils] neovim_handler HighlightGroupSet { name: "VertSplit", id: 1 }
TRACE [neovide::channel_utils] neovim_handler HighlightGroupSet { name: "Title", id: 1 }
TRACE [neovide::channel_utils] neovim_handler HighlightGroupSet { name: "Visual", id: 1 }
TRACE [neovide::channel_utils] neovim_handler HighlightGroupSet { name: "VisualNC", id: 1 }
TRACE [neovide::channel_utils] neovim_handler HighlightGroupSet { name: "WarningMsg", id: 1 }
TRACE [neovide::channel_utils] neovim_handler HighlightGroupSet { name: "WildMenu", id: 1 }
TRACE [neovide::channel_utils] neovim_handler HighlightGroupSet { name: "Folded", id: 1 }
TRACE [neovide::channel_utils] neovim_handler HighlightGroupSet { name: "FoldColumn", id: 1 }
TRACE [neovide::channel_utils] neovim_handler HighlightGroupSet { name: "DiffAdd", id: 1 }
TRACE [neovide::channel_utils] neovim_handler HighlightGroupSet { name: "DiffChange", id: 1 }
TRACE [neovide::channel_utils] neovim_handler HighlightGroupSet { name: "DiffDelete", id: 1 }
TRACE [neovide::channel_utils] neovim_handler HighlightGroupSet { name: "DiffText", id: 1 }
TRACE [neovide::channel_utils] neovim_handler HighlightGroupSet { name: "DiffTextAdd", id: 1 }
TRACE [neovide::channel_utils] neovim_handler HighlightGroupSet { name: "SignColumn", id: 1 }
TRACE [neovide::channel_utils] neovim_handler HighlightGroupSet { name: "Conceal", id: 1 }
TRACE [neovide::channel_utils] neovim_handler HighlightGroupSet { name: "SpellBad", id: 1 }
TRACE [neovide::channel_utils] neovim_handler HighlightGroupSet { name: "SpellCap", id: 1 }
TRACE [neovide::channel_utils] neovim_handler HighlightGroupSet { name: "SpellRare", id: 1 }
TRACE [neovide::channel_utils] neovim_handler HighlightGroupSet { name: "SpellLocal", id: 1 }
TRACE [neovide::channel_utils] neovim_handler HighlightGroupSet { name: "Pmenu", id: 1 }
TRACE [neovide::channel_utils] neovim_handler HighlightGroupSet { name: "PmenuSel", id: 1 }
TRACE [neovide::channel_utils] neovim_handler HighlightGroupSet { name: "PmenuMatch", id: 1 }
TRACE [neovide::channel_utils] neovim_handler HighlightGroupSet { name: "PmenuMatchSel", id: 1 }
TRACE [neovide::channel_utils] neovim_handler HighlightGroupSet { name: "PmenuKind", id: 1 }
TRACE [neovide::channel_utils] neovim_handler HighlightGroupSet { name: "PmenuKindSel", id: 1 }
TRACE [neovide::channel_utils] neovim_handler HighlightGroupSet { name: "PmenuExtra", id: 1 }
TRACE [neovide::channel_utils] neovim_handler HighlightGroupSet { name: "PmenuExtraSel", id: 1 }
TRACE [neovide::channel_utils] neovim_handler HighlightGroupSet { name: "PmenuSbar", id: 1 }
TRACE [neovide::channel_utils] neovim_handler HighlightGroupSet { name: "PmenuThumb", id: 1 }
TRACE [neovide::channel_utils] neovim_handler HighlightGroupSet { name: "PmenuBorder", id: 1 }
TRACE [neovide::channel_utils] neovim_handler HighlightGroupSet { name: "TabLine", id: 1 }
TRACE [neovide::channel_utils] neovim_handler HighlightGroupSet { name: "TabLineSel", id: 1 }
TRACE [neovide::channel_utils] neovim_handler HighlightGroupSet { name: "TabLineFill", id: 1 }
TRACE [neovide::channel_utils] neovim_handler HighlightGroupSet { name: "CursorColumn", id: 1 }
TRACE [neovide::channel_utils] neovim_handler HighlightGroupSet { name: "CursorLine", id: 1 }
TRACE [neovide::channel_utils] neovim_handler HighlightGroupSet { name: "ColorColumn", id: 1 }
TRACE [neovide::channel_utils] neovim_handler HighlightGroupSet { name: "QuickFixLine", id: 1 }
TRACE [neovide::channel_utils] neovim_handler HighlightGroupSet { name: "Whitespace", id: 1 }
TRACE [neovide::channel_utils] neovim_handler HighlightGroupSet { name: "NormalNC", id: 0 }
TRACE [neovide::channel_utils] neovim_handler HighlightGroupSet { name: "MsgSeparator", id: 1 }
TRACE [neovide::channel_utils] neovim_handler HighlightGroupSet { name: "NormalFloat", id: 1 }
TRACE [neovide::channel_utils] neovim_handler HighlightGroupSet { name: "MsgArea", id: 1 }
TRACE [neovide::channel_utils] neovim_handler HighlightGroupSet { name: "FloatBorder", id: 1 }
TRACE [neovide::channel_utils] neovim_handler HighlightGroupSet { name: "WinBar", id: 1 }
TRACE [neovide::channel_utils] neovim_handler HighlightGroupSet { name: "WinBarNC", id: 1 }
TRACE [neovide::channel_utils] neovim_handler HighlightGroupSet { name: "Cursor", id: 1 }
TRACE [neovide::channel_utils] neovim_handler HighlightGroupSet { name: "FloatTitle", id: 1 }
TRACE [neovide::channel_utils] neovim_handler HighlightGroupSet { name: "FloatFooter", id: 1 }
TRACE [neovide::channel_utils] neovim_handler HighlightGroupSet { name: "StatusLineTerm", id: 1 }
TRACE [neovide::channel_utils] neovim_handler HighlightGroupSet { name: "StatusLineTermNC", id: 1 }
TRACE [neovide::channel_utils] neovim_handler HighlightGroupSet { name: "StderrMsg", id: 1 }
TRACE [neovide::channel_utils] neovim_handler HighlightGroupSet { name: "StdoutMsg", id: 1 }
TRACE [neovide::channel_utils] neovim_handler HighlightGroupSet { name: "OkMsg", id: 1 }
TRACE [neovide::channel_utils] neovim_handler HighlightGroupSet { name: "PreInsert", id: 1 }
TRACE [neovide::channel_utils] neovim_handler OptionSet { gui_option: Unknown("ext_cmdline", Boolean(false)) }
TRACE [neovide::channel_utils] neovim_handler OptionSet { gui_option: Unknown("ext_popupmenu", Boolean(false)) }
TRACE [neovide::editor] Option set Unknown("ext_cmdline", Boolean(false))
TRACE [neovide::editor] Option set Unknown("ext_popupmenu", Boolean(false))
TRACE [neovide::channel_utils] neovim_handler OptionSet { gui_option: Unknown("ext_tabline", Boolean(false)) }
TRACE [neovide::channel_utils] neovim_handler OptionSet { gui_option: Unknown("ext_wildmenu", Boolean(false)) }
TRACE [neovide::editor] Option set Unknown("ext_tabline", Boolean(false))
TRACE [neovide::channel_utils] neovim_handler OptionSet { gui_option: Unknown("ext_messages", Boolean(false)) }
TRACE [neovide::editor] Option set Unknown("ext_wildmenu", Boolean(false))
TRACE [neovide::channel_utils] neovim_handler Resize { grid: 1, width: 100, height: 50 }
TRACE [neovide::editor] Option set Unknown("ext_messages", Boolean(false))
TRACE [neovide::channel_utils] neovim_handler WindowViewportMargins { grid: 2, top: 0, bottom: 0, left: 0, right: 0 }
TRACE [neovide::bridge::handler] Neovim notification: "redraw"
TRACE [neovide::channel_utils] neovim_handler WindowViewportMargins { grid: 2, top: 0, bottom: 0, left: 0, right: 0 }
TRACE [neovide::channel_utils] neovim_handler Clear { grid: 1 }
TRACE [neovide::channel_utils] neovim_handler MessageSetPosition { grid: 0, row: 49, scrolled: false, separator_character: " ", z_index: Some(0), comp_index: Some(0) }
TRACE [neovide::channel_utils] neovim_handler OptionSet { gui_option: Unknown("ext_cmdline", Boolean(true)) }
TRACE [neovide::channel_utils] neovim_handler OptionSet { gui_option: Unknown("ext_popupmenu", Boolean(false)) }
TRACE [neovide::channel_utils] neovim_handler OptionSet { gui_option: Unknown("ext_tabline", Boolean(false)) }
TRACE [neovide::channel_utils] neovim_handler OptionSet { gui_option: Unknown("ext_wildmenu", Boolean(false)) }
TRACE [neovide::channel_utils] neovim_handler OptionSet { gui_option: Unknown("ext_messages", Boolean(true)) }
TRACE [neovide::channel_utils] neovim_handler Resize { grid: 1, width: 100, height: 50 }
TRACE [neovide::channel_utils] neovim_handler Clear { grid: 1 }
TRACE [neovide::channel_utils] neovim_handler CursorGoto { grid: 1, row: 0, column: 0 }
TRACE [neovide::editor] Option set Unknown("ext_cmdline", Boolean(true))
TRACE [neovide::editor] Option set Unknown("ext_popupmenu", Boolean(false))
TRACE [neovide::editor] Option set Unknown("ext_tabline", Boolean(false))
TRACE [neovide::editor] Option set Unknown("ext_wildmenu", Boolean(false))
TRACE [neovide::channel_utils] neovim_handler ModeInfoSet { cursor_modes: [CursorMode { shape: Some(Block), style_id: Some(0), cell_percentage: Some(0.0), blinkwait: Some(700), blinkon: Some(400), blinkoff: Some(250) }, CursorMode { shape: Some(Block), style_id: Some(0), cell_percentage: Some(0.0), blinkwait: Some(700), blinkon: Some(400), blinkoff: Some(250) }, CursorMode { shape: Some(Block), style_id: Some(0), cell_percentage: Some(0.0), blinkwait: Some(700), blinkon: Some(400), blinkoff: Some(250) }, CursorMode { shape: Some(Block), style_id: Some(0), cell_percentage: Some(0.0), blinkwait: Some(700), blinkon: Some(400), blinkoff: Some(250) }, CursorMode { shape: Some(Block), style_id: Some(0), cell_percentage: Some(0.0), blinkwait: Some(700), blinkon: Some(400), blinkoff: Some(250) }, CursorMode { shape: Some(Block), style_id: Some(0), cell_percentage: Some(0.0), blinkwait: Some(700), blinkon: Some(400), blinkoff: Some(250) }, CursorMode { shape: Some(Block), style_id: Some(0), cell_percentage: Some(0.0), blinkwait: Some(700), blinkon: Some(400), blinkoff: Some(250) }, CursorMode { shape: Some(Block), style_id: Some(0), cell_percentage: Some(0.0), blinkwait: Some(700), blinkon: Some(400), blinkoff: Some(250) }, CursorMode { shape: Some(Block), style_id: Some(0), cell_percentage: Some(0.0), blinkwait: Some(700), blinkon: Some(400), blinkoff: Some(250) }, CursorMode { shape: None, style_id: None, cell_percentage: None, blinkwait: None, blinkon: None, blinkoff: None }, CursorMode { shape: None, style_id: None, cell_percentage: None, blinkwait: None, blinkon: None, blinkoff: None }, CursorMode { shape: None, style_id: None, cell_percentage: None, blinkwait: None, blinkon: None, blinkoff: None }, CursorMode { shape: None, style_id: None, cell_percentage: None, blinkwait: None, blinkon: None, blinkoff: None }, CursorMode { shape: None, style_id: None, cell_percentage: None, blinkwait: None, blinkon: None, blinkoff: None }, CursorMode { shape: None, style_id: None, cell_percentage: None, blinkwait: None, blinkon: None, blinkoff: None }, CursorMode { shape: None, style_id: None, cell_percentage: None, blinkwait: None, blinkon: None, blinkoff: None }, CursorMode { shape: Some(Block), style_id: Some(0), cell_percentage: Some(0.0), blinkwait: Some(100), blinkon: Some(100), blinkoff: Some(100) }, CursorMode { shape: Some(Block), style_id: Some(0), cell_percentage: Some(0.0), blinkwait: Some(0), blinkon: Some(0), blinkoff: Some(0) }] }
TRACE [neovide::channel_utils] neovim_handler MouseOn
TRACE [neovide::editor] Option set Unknown("ext_messages", Boolean(true))
TRACE [neovide::channel_utils] neovim_handler Flush
TRACE [neovide::editor] Image flushed
TRACE [neovide::editor] send_batch
DEBUG [neovide::renderer::fonts::caching_shaper] Updating font: Source Code Pro,DejaVu Sans Mono,Courier New,monospace
DEBUG [neovide::renderer::fonts::caching_shaper] Updating font options: FontOptions { normal: [FontDescription { family: "Source Code Pro", style: None }, FontDescription { family: "DejaVu Sans Mono", style: None }, FontDescription { family: "Courier New", style: None }, FontDescription { family: "monospace", style: None }], italic: None, bold: None, bold_italic: None, features: {}, size: 18.666668, width: 0.0, hinting: Full, edging: AntiAlias, underline_offset: None }
TRACE [neovide::renderer::fonts::font_loader] Loading font FontKey { font_desc: Some(FontDescription { family: "Source Code Pro", style: Some("Bold Italic") }), hinting: Full, edging: AntiAlias }
TRACE [neovide::renderer::fonts::font_loader] Loading font FontKey { font_desc: Some(FontDescription { family: "DejaVu Sans Mono", style: Some("Bold Italic") }), hinting: Full, edging: AntiAlias }
TRACE [neovide::renderer::fonts::font_loader] Loading font FontKey { font_desc: Some(FontDescription { family: "Courier New", style: Some("Bold Italic") }), hinting: Full, edging: AntiAlias }
TRACE [neovide::renderer::fonts::font_loader] Loading font FontKey { font_desc: Some(FontDescription { family: "monospace", style: Some("Bold Italic") }), hinting: Full, edging: AntiAlias }
TRACE [neovide::renderer::fonts::font_loader] Loading font FontKey { font_desc: Some(FontDescription { family: "Source Code Pro", style: Some("Bold") }), hinting: Full, edging: AntiAlias }
TRACE [neovide::renderer::fonts::font_loader] Loading font FontKey { font_desc: Some(FontDescription { family: "DejaVu Sans Mono", style: Some("Bold") }), hinting: Full, edging: AntiAlias }
TRACE [neovide::renderer::fonts::font_loader] Loading font FontKey { font_desc: Some(FontDescription { family: "Courier New", style: Some("Bold") }), hinting: Full, edging: AntiAlias }
TRACE [neovide::renderer::fonts::font_loader] Loading font FontKey { font_desc: Some(FontDescription { family: "monospace", style: Some("Bold") }), hinting: Full, edging: AntiAlias }
TRACE [neovide::renderer::fonts::font_loader] Loading font FontKey { font_desc: Some(FontDescription { family: "Source Code Pro", style: Some("Italic") }), hinting: Full, edging: AntiAlias }
TRACE [neovide::renderer::fonts::font_loader] Loading font FontKey { font_desc: Some(FontDescription { family: "DejaVu Sans Mono", style: Some("Italic") }), hinting: Full, edging: AntiAlias }
TRACE [neovide::renderer::fonts::font_loader] Loading font FontKey { font_desc: Some(FontDescription { family: "Courier New", style: Some("Italic") }), hinting: Full, edging: AntiAlias }
TRACE [neovide::renderer::fonts::font_loader] Loading font FontKey { font_desc: Some(FontDescription { family: "monospace", style: Some("Italic") }), hinting: Full, edging: AntiAlias }
TRACE [neovide::renderer::fonts::font_loader] Loading font FontKey { font_desc: Some(FontDescription { family: "Source Code Pro", style: None }), hinting: Full, edging: AntiAlias }
TRACE [neovide::renderer::fonts::font_loader] Loading font FontKey { font_desc: Some(FontDescription { family: "DejaVu Sans Mono", style: None }), hinting: Full, edging: AntiAlias }
TRACE [neovide::renderer::fonts::font_loader] Loading font FontKey { font_desc: Some(FontDescription { family: "Courier New", style: None }), hinting: Full, edging: AntiAlias }
TRACE [neovide::renderer::fonts::font_loader] Loading font FontKey { font_desc: Some(FontDescription { family: "monospace", style: None }), hinting: Full, edging: AntiAlias }
DEBUG [neovide::renderer::fonts::caching_shaper] Font updated to: FontOptions { normal: [FontDescription { family: "Source Code Pro", style: None }, FontDescription { family: "DejaVu Sans Mono", style: None }, FontDescription { family: "Courier New", style: None }, FontDescription { family: "monospace", style: None }], italic: None, bold: None, bold_italic: None, features: {}, size: 18.666668, width: 0.0, hinting: Full, edging: AntiAlias, underline_offset: None }
TRACE [neovide::bridge::handler] Neovim notification: "redraw"
TRACE [neovide::channel_utils] neovim_handler OptionSet { gui_option: TermGuiColors(true) }
TRACE [neovide::channel_utils] neovim_handler WindowViewportMargins { grid: 2, top: 0, bottom: 0, left: 0, right: 0 }
TRACE [neovide::channel_utils] neovim_handler WindowViewportMargins { grid: 2, top: 0, bottom: 0, left: 0, right: 0 }
TRACE [neovide::editor] Option set TermGuiColors(true)
TRACE [neovide::channel_utils] neovim_handler HighlightAttributesDefine { id: 59, style: Style { colors: Colors { foreground: None, background: None, special: None }, reverse: false, italic: false, bold: false, strikethrough: false, blend: 0, underline: None }, name: None }
TRACE [neovide::channel_utils] neovim_handler OptionSet { gui_option: TermGuiColors(true) }
TRACE [neovide::channel_utils] neovim_handler OptionSet { gui_option: TermGuiColors(true) }
TRACE [neovide::editor] Option set TermGuiColors(true)
DEBUG [neovide::bridge::events] Ignored style attribute: "nocombine"
TRACE [neovide::editor] Option set TermGuiColors(true)
DEBUG [neovide::bridge::events] Ignored style attribute: "nocombine"
DEBUG [neovide::bridge::events] Ignored style attribute: "nocombine"
DEBUG [neovide::bridge::events] Ignored style attribute: "nocombine"
DEBUG [neovide::bridge::events] Ignored style attribute: "nocombine"
DEBUG [neovide::bridge::events] Ignored style attribute: "nocombine"
DEBUG [neovide::bridge::events] Ignored style attribute: "nocombine"
DEBUG [neovide::bridge::events] Ignored style attribute: "nocombine"
TRACE [neovide::channel_utils] neovim_handler HighlightAttributesDefine { id: 60, style: Style { colors: Colors { foreground: None, background: Some(Color4f { r: 0.2627451, g: 0.21960784, b: 0.25882354, a: 1.0 }), special: None }, reverse: false, italic: false, bold: false, strikethrough: false, blend: 0, underline: None }, name: None }
TRACE [neovide::channel_utils] neovim_handler HighlightAttributesDefine { id: 61, style: Style { colors: Colors { foreground: None, background: Some(Color4f { r: 0.2627451, g: 0.16078432, b: 0.22745098, a: 1.0 }), special: None }, reverse: false, italic: false, bold: false, strikethrough: false, blend: 0, underline: None }, name: None }
TRACE [neovide::channel_utils] neovim_handler HighlightAttributesDefine { id: 62, style: Style { colors: Colors { foreground: None, background: Some(Color4f { r: 0.42745098, g: 0.34901962, b: 0.3764706, a: 1.0 }), special: None }, reverse: false, italic: false, bold: false, strikethrough: false, blend: 0, underline: None }, name: None }
TRACE [neovide::channel_utils] neovim_handler HighlightAttributesDefine { id: 63, style: Style { colors: Colors { foreground: Some(Color4f { r: 0.6117647, g: 0.8117647, b: 0.84705883, a: 1.0 }), background: None, special: None }, reverse: false, italic: false, bold: false, strikethrough: false, blend: 0, underline: None }, name: None }
TRACE [neovide::channel_utils] neovim_handler HighlightAttributesDefine { id: 64, style: Style { colors: Colors { foreground: Some(Color4f { r: 0.92156863, g: 0.43529412, b: 0.57254905, a: 1.0 }), background: None, special: None }, reverse: false, italic: false, bold: false, strikethrough: false, blend: 0, underline: None }, name: None }
TRACE [neovide::channel_utils] neovim_handler HighlightAttributesDefine { id: 65, style: Style { colors: Colors { foreground: Some(Color4f { r: 0.43137255, g: 0.41568628, b: 0.5254902, a: 1.0 }), background: None, special: None }, reverse: false, italic: false, bold: false, strikethrough: false, blend: 0, underline: None }, name: None }
TRACE [neovide::channel_utils] neovim_handler HighlightAttributesDefine { id: 66, style: Style { colors: Colors { foreground: Some(Color4f { r: 0.8784314, g: 0.87058824, b: 0.95686275, a: 1.0 }), background: None, special: None }, reverse: false, italic: false, bold: false, strikethrough: false, blend: 0, underline: None }, name: None }
TRACE [neovide::channel_utils] neovim_handler HighlightAttributesDefine { id: 67, style: Style { colors: Colors { foreground: Some(Color4f { r: 0.19215687, g: 0.45490196, b: 0.56078434, a: 1.0 }), background: Some(Color4f { r: 0.12156863, g: 0.18039216, b: 0.24705882, a: 1.0 }), special: None }, reverse: false, italic: false, bold: false, strikethrough: false, blend: 0, underline: None }, name: None }
TRACE [neovide::channel_utils] neovim_handler HighlightAttributesDefine { id: 68, style: Style { colors: Colors { foreground: Some(Color4f { r: 0.5647059, g: 0.54901963, b: 0.6666667, a: 1.0 }), background: None, special: None }, reverse: false, italic: false, bold: false, strikethrough: false, blend: 0, underline: None }, name: None }
TRACE [neovide::channel_utils] neovim_handler HighlightAttributesDefine { id: 69, style: Style { colors: Colors { foreground: Some(Color4f { r: 0.76862746, g: 0.654902, b: 0.90588236, a: 1.0 }), background: None, special: None }, reverse: false, italic: false, bold: false, strikethrough: false, blend: 0, underline: None }, name: None }
TRACE [neovide::channel_utils] neovim_handler HighlightAttributesDefine { id: 70, style: Style { colors: Colors { foreground: None, background: Some(Color4f { r: 0.8784314, g: 0.87058824, b: 0.95686275, a: 1.0 }), special: None }, reverse: false, italic: false, bold: false, strikethrough: false, blend: 0, underline: None }, name: None }
TRACE [neovide::channel_utils] neovim_handler HighlightAttributesDefine { id: 71, style: Style { colors: Colors { foreground: None, background: None, special: Some(Color4f { r: 0.8784314, g: 0.87058824, b: 0.95686275, a: 1.0 }) }, reverse: false, italic: false, bold: false, strikethrough: false, blend: 0, underline: Some(UnderDouble) }, name: None }
TRACE [neovide::channel_utils] neovim_handler HighlightAttributesDefine { id: 72, style: Style { colors: Colors { foreground: None, background: None, special: Some(Color4f { r: 0.8784314, g: 0.87058824, b: 0.95686275, a: 1.0 }) }, reverse: false, italic: false, bold: false, strikethrough: false, blend: 0, underline: Some(Underline) }, name: None }
TRACE [neovide::channel_utils] neovim_handler HighlightAttributesDefine { id: 73, style: Style { colors: Colors { foreground: Some(Color4f { r: 0.5647059, g: 0.54901963, b: 0.6666667, a: 1.0 }), background: Some(Color4f { r: 0.14901961, g: 0.13725491, b: 0.22745098, a: 1.0 }), special: None }, reverse: false, italic: false, bold: false, strikethrough: false, blend: 0, underline: None }, name: None }
TRACE [neovide::channel_utils] neovim_handler HighlightAttributesDefine { id: 74, style: Style { colors: Colors { foreground: Some(Color4f { r: 0.09803922, g: 0.09019608, b: 0.14117648, a: 1.0 }), background: Some(Color4f { r: 0.9647059, g: 0.75686276, b: 0.46666667, a: 1.0 }), special: None }, reverse: false, italic: false, bold: false, strikethrough: false, blend: 0, underline: None }, name: None }
TRACE [neovide::channel_utils] neovim_handler HighlightAttributesDefine { id: 75, style: Style { colors: Colors { foreground: Some(Color4f { r: 0.09803922, g: 0.09019608, b: 0.14117648, a: 1.0 }), background: Some(Color4f { r: 0.19215687, g: 0.45490196, b: 0.56078434, a: 1.0 }), special: None }, reverse: false, italic: false, bold: false, strikethrough: false, blend: 0, underline: None }, name: None }
TRACE [neovide::channel_utils] neovim_handler HighlightAttributesDefine { id: 76, style: Style { colors: Colors { foreground: Some(Color4f { r: 0.09803922, g: 0.09019608, b: 0.14117648, a: 1.0 }), background: Some(Color4f { r: 0.92156863, g: 0.43529412, b: 0.57254905, a: 1.0 }), special: None }, reverse: false, italic: false, bold: false, strikethrough: false, blend: 0, underline: None }, name: None }
TRACE [neovide::channel_utils] neovim_handler HighlightAttributesDefine { id: 77, style: Style { colors: Colors { foreground: Some(Color4f { r: 0.8784314, g: 0.87058824, b: 0.95686275, a: 1.0 }), background: Some(Color4f { r: 0.27058825, g: 0.22352941, b: 0.20784314, a: 1.0 }), special: None }, reverse: false, italic: false, bold: false, strikethrough: false, blend: 0, underline: None }, name: None }
TRACE [neovide::channel_utils] neovim_handler HighlightAttributesDefine { id: 78, style: Style { colors: Colors { foreground: None, background: None, special: Some(Color4f { r: 0.5647059, g: 0.54901963, b: 0.6666667, a: 1.0 }) }, reverse: false, italic: false, bold: false, strikethrough: false, blend: 0, underline: Some(UnderCurl) }, name: None }
TRACE [neovide::channel_utils] neovim_handler HighlightAttributesDefine { id: 79, style: Style { colors: Colors { foreground: Some(Color4f { r: 0.5647059, g: 0.54901963, b: 0.6666667, a: 1.0 }), background: None, special: None }, reverse: false, italic: false, bold: false, strikethrough: true, blend: 0, underline: None }, name: None }
TRACE [neovide::channel_utils] neovim_handler HighlightAttributesDefine { id: 80, style: Style { colors: Colors { foreground: Some(Color4f { r: 0.9647059, g: 0.75686276, b: 0.46666667, a: 1.0 }), background: None, special: None }, reverse: false, italic: false, bold: false, strikethrough: false, blend: 0, underline: None }, name: None }
TRACE [neovide::channel_utils] neovim_handler HighlightAttributesDefine { id: 81, style: Style { colors: Colors { foreground: Some(Color4f { r: 0.09803922, g: 0.09019608, b: 0.14117648, a: 1.0 }), background: Some(Color4f { r: 0.15294118, g: 0.30980393, b: 0.39215687, a: 1.0 }), special: None }, reverse: false, italic: false, bold: false, strikethrough: false, blend: 0, underline: None }, name: None }
TRACE [neovide::channel_utils] neovim_handler HighlightAttributesDefine { id: 82, style: Style { colors: Colors { foreground: Some(Color4f { r: 0.5647059, g: 0.54901963, b: 0.6666667, a: 1.0 }), background: Some(Color4f { r: 0.12156863, g: 0.11372549, b: 0.18039216, a: 1.0 }), special: None }, reverse: false, italic: false, bold: false, strikethrough: false, blend: 0, underline: None }, name: None }
TRACE [neovide::channel_utils] neovim_handler HighlightAttributesDefine { id: 83, style: Style { colors: Colors { foreground: Some(Color4f { r: 0.43137255, g: 0.41568628, b: 0.5254902, a: 1.0 }), background: Some(Color4f { r: 0.11372549, g: 0.105882354, b: 0.16470589, a: 1.0 }), special: None }, reverse: false, italic: false, bold: false, strikethrough: false, blend: 0, underline: None }, name: None }
TRACE [neovide::channel_utils] neovim_handler HighlightAttributesDefine { id: 84, style: Style { colors: Colors { foreground: Some(Color4f { r: 0.58431375, g: 0.69411767, b: 0.6745098, a: 1.0 }), background: None, special: None }, reverse: false, italic: false, bold: false, strikethrough: false, blend: 0, underline: None }, name: None }
TRACE [neovide::channel_utils] neovim_handler HighlightAttributesDefine { id: 85, style: Style { colors: Colors { foreground: Some(Color4f { r: 0.19215687, g: 0.45490196, b: 0.56078434, a: 1.0 }), background: None, special: None }, reverse: false, italic: false, bold: false, strikethrough: false, blend: 0, underline: None }, name: None }
TRACE [neovide::channel_utils] neovim_handler HighlightAttributesDefine { id: 86, style: Style { colors: Colors { foreground: Some(Color4f { r: 0.92156863, g: 0.7372549, b: 0.7294118, a: 1.0 }), background: None, special: None }, reverse: false, italic: false, bold: false, strikethrough: false, blend: 0, underline: None }, name: None }
TRACE [neovide::channel_utils] neovim_handler HighlightAttributesDefine { id: 87, style: Style { colors: Colors { foreground: None, background: Some(Color4f { r: 0.14901961, g: 0.13725491, b: 0.22745098, a: 1.0 }), special: None }, reverse: false, italic: false, bold: false, strikethrough: false, blend: 0, underline: None }, name: None }
TRACE [neovide::channel_utils] neovim_handler HighlightAttributesDefine { id: 88, style: Style { colors: Colors { foreground: Some(Color4f { r: 0.8784314, g: 0.87058824, b: 0.95686275, a: 1.0 }), background: Some(Color4f { r: 0.14901961, g: 0.13725491, b: 0.22745098, a: 1.0 }), special: None }, reverse: false, italic: false, bold: false, strikethrough: false, blend: 0, underline: None }, name: None }
TRACE [neovide::channel_utils] neovim_handler HighlightAttributesDefine { id: 89, style: Style { colors: Colors { foreground: None, background: Some(Color4f { r: 0.23137255, g: 0.20392157, b: 0.29411766, a: 1.0 }), special: None }, reverse: false, italic: false, bold: false, strikethrough: false, blend: 0, underline: None }, name: None }
TRACE [neovide::channel_utils] neovim_handler HighlightAttributesDefine { id: 90, style: Style { colors: Colors { foreground: None, background: Some(Color4f { r: 0.2, g: 0.23529412, b: 0.28235295, a: 1.0 }), special: None }, reverse: false, italic: false, bold: false, strikethrough: false, blend: 0, underline: None }, name: None }
TRACE [neovide::channel_utils] neovim_handler HighlightAttributesDefine { id: 91, style: Style { colors: Colors { foreground: None, background: Some(Color4f { r: 0.27058825, g: 0.22352941, b: 0.20784314, a: 1.0 }), special: None }, reverse: false, italic: false, bold: false, strikethrough: false, blend: 0, underline: None }, name: None }
TRACE [neovide::channel_utils] neovim_handler HighlightAttributesDefine { id: 92, style: Style { colors: Colors { foreground: None, background: Some(Color4f { r: 0.11764706, g: 0.16470589, b: 0.22352941, a: 1.0 }), special: None }, reverse: false, italic: false, bold: false, strikethrough: false, blend: 0, underline: None }, name: None }
TRACE [neovide::channel_utils] neovim_handler HighlightAttributesDefine { id: 93, style: Style { colors: Colors { foreground: None, background: Some(Color4f { r: 0.19607843, g: 0.21176471, b: 0.24705882, a: 1.0 }), special: None }, reverse: false, italic: false, bold: false, strikethrough: false, blend: 0, underline: None }, name: None }
TRACE [neovide::channel_utils] neovim_handler HighlightAttributesDefine { id: 94, style: Style { colors: Colors { foreground: Some(Color4f { r: 0.32156864, g: 0.30980393, b: 0.40392157, a: 1.0 }), background: Some(Color4f { r: 0.92156863, g: 0.7372549, b: 0.7294118, a: 1.0 }), special: None }, reverse: false, italic: false, bold: false, strikethrough: false, blend: 0, underline: None }, name: None }
TRACE [neovide::channel_utils] neovim_handler HighlightAttributesDefine { id: 95, style: Style { colors: Colors { foreground: Some(Color4f { r: 0.2509804, g: 0.23921569, b: 0.32156864, a: 1.0 }), background: Some(Color4f { r: 0.6117647, g: 0.8117647, b: 0.84705883, a: 1.0 }), special: None }, reverse: false, italic: false, bold: false, strikethrough: false, blend: 0, underline: None }, name: None }
TRACE [neovide::channel_utils] neovim_handler HighlightAttributesDefine { id: 96, style: Style { colors: Colors { foreground: Some(Color4f { r: 0.2509804, g: 0.23921569, b: 0.32156864, a: 1.0 }), background: Some(Color4f { r: 0.76862746, g: 0.654902, b: 0.90588236, a: 1.0 }), special: None }, reverse: false, italic: false, bold: false, strikethrough: false, blend: 0, underline: None }, name: None }
TRACE [neovide::channel_utils] neovim_handler HighlightAttributesDefine { id: 97, style: Style { colors: Colors { foreground: Some(Color4f { r: 0.8784314, g: 0.87058824, b: 0.95686275, a: 1.0 }), background: Some(Color4f { r: 0.12156863, g: 0.11372549, b: 0.18039216, a: 1.0 }), special: None }, reverse: false, italic: false, bold: false, strikethrough: false, blend: 0, underline: None }, name: None }
TRACE [neovide::channel_utils] neovim_handler HighlightAttributesDefine { id: 98, style: Style { colors: Colors { foreground: Some(Color4f { r: 0.2509804, g: 0.23921569, b: 0.32156864, a: 1.0 }), background: None, special: None }, reverse: false, italic: false, bold: false, strikethrough: false, blend: 0, underline: None }, name: None }
TRACE [neovide::channel_utils] neovim_handler HighlightAttributesDefine { id: 99, style: Style { colors: Colors { foreground: Some(Color4f { r: 0.14901961, g: 0.13725491, b: 0.22745098, a: 1.0 }), background: None, special: None }, reverse: false, italic: false, bold: false, strikethrough: false, blend: 0, underline: None }, name: None }
TRACE [neovide::channel_utils] neovim_handler HighlightAttributesDefine { id: 100, style: Style { colors: Colors { foreground: None, background: Some(Color4f { r: 0.43137255, g: 0.41568628, b: 0.5254902, a: 1.0 }), special: None }, reverse: false, italic: false, bold: false, strikethrough: false, blend: 0, underline: None }, name: None }
TRACE [neovide::channel_utils] neovim_handler HighlightAttributesDefine { id: 101, style: Style { colors: Colors { foreground: Some(Color4f { r: 0.9647059, g: 0.75686276, b: 0.46666667, a: 1.0 }), background: Some(Color4f { r: 0.14901961, g: 0.13725491, b: 0.22745098, a: 1.0 }), special: None }, reverse: false, italic: false, bold: false, strikethrough: false, blend: 0, underline: None }, name: None }
TRACE [neovide::channel_utils] neovim_handler HighlightAttributesDefine { id: 102, style: Style { colors: Colors { foreground: Some(Color4f { r: 0.9647059, g: 0.75686276, b: 0.46666667, a: 1.0 }), background: Some(Color4f { r: 0.2509804, g: 0.23921569, b: 0.32156864, a: 1.0 }), special: None }, reverse: false, italic: false, bold: false, strikethrough: false, blend: 0, underline: None }, name: None }
TRACE [neovide::channel_utils] neovim_handler HighlightAttributesDefine { id: 103, style: Style { colors: Colors { foreground: None, background: Some(Color4f { r: 0.12156863, g: 0.11372549, b: 0.18039216, a: 1.0 }), special: None }, reverse: false, italic: false, bold: false, strikethrough: false, blend: 0, underline: None }, name: None }
TRACE [neovide::channel_utils] neovim_handler HighlightAttributesDefine { id: 104, style: Style { colors: Colors { foreground: Some(Color4f { r: 0.6117647, g: 0.8117647, b: 0.84705883, a: 1.0 }), background: Some(Color4f { r: 0.12156863, g: 0.11372549, b: 0.18039216, a: 1.0 }), special: None }, reverse: false, italic: false, bold: false, strikethrough: false, blend: 0, underline: None }, name: None }
TRACE [neovide::channel_utils] neovim_handler HighlightAttributesDefine { id: 105, style: Style { colors: Colors { foreground: Some(Color4f { r: 0.09803922, g: 0.09019608, b: 0.14117648, a: 1.0 }), background: Some(Color4f { r: 0.76862746, g: 0.654902, b: 0.90588236, a: 1.0 }), special: None }, reverse: false, italic: false, bold: false, strikethrough: false, blend: 0, underline: None }, name: None }
TRACE [neovide::channel_utils] neovim_handler HighlightAttributesDefine { id: 106, style: Style { colors: Colors { foreground: None, background: None, special: None }, reverse: false, italic: false, bold: false, strikethrough: false, blend: 0, underline: None }, name: None }
TRACE [neovide::channel_utils] neovim_handler HighlightAttributesDefine { id: 107, style: Style { colors: Colors { foreground: Some(Color4f { r: 0.43137255, g: 0.41568628, b: 0.5254902, a: 1.0 }), background: Some(Color4f { r: 0.12156863, g: 0.11372549, b: 0.18039216, a: 1.0 }), special: None }, reverse: false, italic: false, bold: false, strikethrough: false, blend: 0, underline: None }, name: None }
TRACE [neovide::channel_utils] neovim_handler HighlightAttributesDefine { id: 108, style: Style { colors: Colors { foreground: Some(Color4f { r: 0.09803922, g: 0.09019608, b: 0.14117648, a: 1.0 }), background: Some(Color4f { r: 0.6117647, g: 0.8117647, b: 0.84705883, a: 1.0 }), special: None }, reverse: false, italic: false, bold: false, strikethrough: false, blend: 0, underline: None }, name: None }
TRACE [neovide::channel_utils] neovim_handler HighlightAttributesDefine { id: 109, style: Style { colors: Colors { foreground: Some(Color4f { r: 0.09803922, g: 0.09019608, b: 0.14117648, a: 1.0 }), background: Some(Color4f { r: 0.92156863, g: 0.7372549, b: 0.7294118, a: 1.0 }), special: None }, reverse: false, italic: false, bold: false, strikethrough: false, blend: 0, underline: None }, name: None }
TRACE [neovide::channel_utils] neovim_handler HighlightAttributesDefine { id: 110, style: Style { colors: Colors { foreground: Some(Color4f { r: 0.43137255, g: 0.41568628, b: 0.5254902, a: 1.0 }), background: Some(Color4f { r: 0.09803922, g: 0.09019608, b: 0.14117648, a: 1.0 }), special: None }, reverse: false, italic: true, bold: false, strikethrough: false, blend: 0, underline: None }, name: None }
TRACE [neovide::channel_utils] neovim_handler HighlightAttributesDefine { id: 111, style: Style { colors: Colors { foreground: Some(Color4f { r: 0.14901961, g: 0.13725491, b: 0.22745098, a: 1.0 }), background: Some(Color4f { r: 0.8784314, g: 0.87058824, b: 0.95686275, a: 1.0 }), special: None }, reverse: false, italic: false, bold: false, strikethrough: false, blend: 0, underline: None }, name: None }
TRACE [neovide::channel_utils] neovim_handler HighlightAttributesDefine { id: 112, style: Style { colors: Colors { foreground: Some(Color4f { r: 0.12156863, g: 0.11372549, b: 0.18039216, a: 1.0 }), background: Some(Color4f { r: 0.5647059, g: 0.54901963, b: 0.6666667, a: 1.0 }), special: None }, reverse: false, italic: false, bold: false, strikethrough: false, blend: 0, underline: None }, name: None }
TRACE [neovide::channel_utils] neovim_handler HighlightAttributesDefine { id: 113, style: Style { colors: Colors { foreground: Some(Color4f { r: 0.12156863, g: 0.11372549, b: 0.18039216, a: 1.0 }), background: Some(Color4f { r: 0.8784314, g: 0.87058824, b: 0.95686275, a: 1.0 }), special: None }, reverse: false, italic: false, bold: false, strikethrough: false, blend: 0, underline: None }, name: None }
TRACE [neovide::channel_utils] neovim_handler HighlightAttributesDefine { id: 114, style: Style { colors: Colors { foreground: None, background: Some(Color4f { r: 0.92156863, g: 0.43529412, b: 0.57254905, a: 1.0 }), special: None }, reverse: false, italic: false, bold: false, strikethrough: false, blend: 0, underline: None }, name: None }
TRACE [neovide::channel_utils] neovim_handler HighlightAttributesDefine { id: 115, style: Style { colors: Colors { foreground: Some(Color4f { r: 0.43137255, g: 0.41568628, b: 0.5254902, a: 1.0 }), background: None, special: None }, reverse: false, italic: false, bold: false, strikethrough: true, blend: 0, underline: None }, name: None }
TRACE [neovide::channel_utils] neovim_handler HighlightAttributesDefine { id: 116, style: Style { colors: Colors { foreground: Some(Color4f { r: 0.32156864, g: 0.30980393, b: 0.40392157, a: 1.0 }), background: None, special: None }, reverse: false, italic: false, bold: false, strikethrough: false, blend: 0, underline: None }, name: None }
TRACE [neovide::channel_utils] neovim_handler HighlightAttributesDefine { id: 117, style: Style { colors: Colors { foreground: Some(Color4f { r: 0.6117647, g: 0.8117647, b: 0.84705883, a: 1.0 }), background: None, special: None }, reverse: false, italic: false, bold: false, strikethrough: false, blend: 0, underline: Some(Underline) }, name: None }
TRACE [neovide::channel_utils] neovim_handler HighlightAttributesDefine { id: 118, style: Style { colors: Colors { foreground: Some(Color4f { r: 0.19215687, g: 0.45490196, b: 0.56078434, a: 1.0 }), background: Some(Color4f { r: 0.11764706, g: 0.16470589, b: 0.22352941, a: 1.0 }), special: None }, reverse: false, italic: false, bold: false, strikethrough: false, blend: 0, underline: None }, name: None }
TRACE [neovide::channel_utils] neovim_handler HighlightAttributesDefine { id: 119, style: Style { colors: Colors { foreground: Some(Color4f { r: 0.9647059, g: 0.75686276, b: 0.46666667, a: 1.0 }), background: Some(Color4f { r: 0.27058825, g: 0.22352941, b: 0.20784314, a: 1.0 }), special: None }, reverse: false, italic: false, bold: false, strikethrough: false, blend: 0, underline: None }, name: None }
TRACE [neovide::channel_utils] neovim_handler HighlightAttributesDefine { id: 120, style: Style { colors: Colors { foreground: Some(Color4f { r: 0.92156863, g: 0.43529412, b: 0.57254905, a: 1.0 }), background: Some(Color4f { r: 0.2627451, g: 0.16078432, b: 0.22745098, a: 1.0 }), special: None }, reverse: false, italic: false, bold: false, strikethrough: false, blend: 0, underline: None }, name: None }
TRACE [neovide::channel_utils] neovim_handler HighlightAttributesDefine { id: 121, style: Style { colors: Colors { foreground: Some(Color4f { r: 0.6117647, g: 0.8117647, b: 0.84705883, a: 1.0 }), background: Some(Color4f { r: 0.2, g: 0.23529412, b: 0.28235295, a: 1.0 }), special: None }, reverse: false, italic: false, bold: false, strikethrough: false, blend: 0, underline: None }, name: None }
TRACE [neovide::channel_utils] neovim_handler HighlightAttributesDefine { id: 122, style: Style { colors: Colors { foreground: Some(Color4f { r: 0.92156863, g: 0.7372549, b: 0.7294118, a: 1.0 }), background: Some(Color4f { r: 0.22352941, g: 0.1882353, b: 0.23137255, a: 1.0 }), special: None }, reverse: false, italic: false, bold: false, strikethrough: false, blend: 0, underline: None }, name: None }
TRACE [neovide::channel_utils] neovim_handler HighlightAttributesDefine { id: 123, style: Style { colors: Colors { foreground: Some(Color4f { r: 0.76862746, g: 0.654902, b: 0.90588236, a: 1.0 }), background: Some(Color4f { r: 0.2, g: 0.1764706, b: 0.25490198, a: 1.0 }), special: None }, reverse: false, italic: false, bold: false, strikethrough: false, blend: 0, underline: None }, name: None }
TRACE [neovide::channel_utils] neovim_handler HighlightAttributesDefine { id: 124, style: Style { colors: Colors { foreground: Some(Color4f { r: 0.6117647, g: 0.8117647, b: 0.84705883, a: 1.0 }), background: Some(Color4f { r: 0.1764706, g: 0.2, b: 0.24705882, a: 1.0 }), special: None }, reverse: false, italic: false, bold: false, strikethrough: false, blend: 0, underline: None }, name: None }
TRACE [neovide::channel_utils] neovim_handler HighlightAttributesDefine { id: 125, style: Style { colors: Colors { foreground: Some(Color4f { r: 0.19215687, g: 0.45490196, b: 0.56078434, a: 1.0 }), background: Some(Color4f { r: 0.11372549, g: 0.14509805, b: 0.20392157, a: 1.0 }), special: None }, reverse: false, italic: false, bold: false, strikethrough: false, blend: 0, underline: None }, name: None }
TRACE [neovide::channel_utils] neovim_handler HighlightAttributesDefine { id: 126, style: Style { colors: Colors { foreground: None, background: Some(Color4f { r: 0.9647059, g: 0.75686276, b: 0.46666667, a: 1.0 }), special: None }, reverse: false, italic: false, bold: false, strikethrough: false, blend: 0, underline: None }, name: None }
TRACE [neovide::channel_utils] neovim_handler HighlightAttributesDefine { id: 127, style: Style { colors: Colors { foreground: None, background: Some(Color4f { r: 0.92156863, g: 0.7372549, b: 0.7294118, a: 1.0 }), special: None }, reverse: false, italic: false, bold: false, strikethrough: false, blend: 0, underline: None }, name: None }
TRACE [neovide::channel_utils] neovim_handler HighlightAttributesDefine { id: 128, style: Style { colors: Colors { foreground: None, background: Some(Color4f { r: 0.6117647, g: 0.8117647, b: 0.84705883, a: 1.0 }), special: None }, reverse: false, italic: false, bold: false, strikethrough: false, blend: 0, underline: None }, name: None }
TRACE [neovide::channel_utils] neovim_handler HighlightAttributesDefine { id: 129, style: Style { colors: Colors { foreground: None, background: Some(Color4f { r: 0.19215687, g: 0.45490196, b: 0.56078434, a: 1.0 }), special: None }, reverse: false, italic: false, bold: false, strikethrough: false, blend: 0, underline: None }, name: None }
TRACE [neovide::channel_utils] neovim_handler HighlightAttributesDefine { id: 130, style: Style { colors: Colors { foreground: None, background: Some(Color4f { r: 0.76862746, g: 0.654902, b: 0.90588236, a: 1.0 }), special: None }, reverse: false, italic: false, bold: false, strikethrough: false, blend: 0, underline: None }, name: None }
TRACE [neovide::channel_utils] neovim_handler HighlightAttributesDefine { id: 131, style: Style { colors: Colors { foreground: None, background: None, special: Some(Color4f { r: 0.92156863, g: 0.43529412, b: 0.57254905, a: 1.0 }) }, reverse: false, italic: false, bold: false, strikethrough: false, blend: 0, underline: Some(UnderCurl) }, name: None }
TRACE [neovide::channel_utils] neovim_handler HighlightAttributesDefine { id: 132, style: Style { colors: Colors { foreground: None, background: None, special: Some(Color4f { r: 0.76862746, g: 0.654902, b: 0.90588236, a: 1.0 }) }, reverse: false, italic: false, bold: false, strikethrough: false, blend: 0, underline: Some(UnderCurl) }, name: None }
TRACE [neovide::channel_utils] neovim_handler HighlightAttributesDefine { id: 133, style: Style { colors: Colors { foreground: None, background: None, special: Some(Color4f { r: 0.6117647, g: 0.8117647, b: 0.84705883, a: 1.0 }) }, reverse: false, italic: false, bold: false, strikethrough: false, blend: 0, underline: Some(UnderCurl) }, name: None }
TRACE [neovide::channel_utils] neovim_handler HighlightAttributesDefine { id: 134, style: Style { colors: Colors { foreground: None, background: None, special: Some(Color4f { r: 0.58431375, g: 0.69411767, b: 0.6745098, a: 1.0 }) }, reverse: false, italic: false, bold: false, strikethrough: false, blend: 0, underline: Some(UnderCurl) }, name: None }
TRACE [neovide::channel_utils] neovim_handler HighlightAttributesDefine { id: 135, style: Style { colors: Colors { foreground: None, background: None, special: Some(Color4f { r: 0.9647059, g: 0.75686276, b: 0.46666667, a: 1.0 }) }, reverse: false, italic: false, bold: false, strikethrough: false, blend: 0, underline: Some(UnderCurl) }, name: None }
TRACE [neovide::channel_utils] neovim_handler HighlightAttributesDefine { id: 136, style: Style { colors: Colors { foreground: None, background: Some(Color4f { r: 0.2509804, g: 0.23921569, b: 0.32156864, a: 1.0 }), special: None }, reverse: false, italic: false, bold: false, strikethrough: false, blend: 0, underline: None }, name: None }
TRACE [neovide::channel_utils] neovim_handler HighlightAttributesDefine { id: 137, style: Style { colors: Colors { foreground: Some(Color4f { r: 0.76862746, g: 0.654902, b: 0.90588236, a: 1.0 }), background: None, special: None }, reverse: false, italic: false, bold: false, strikethrough: false, blend: 0, underline: Some(Underline) }, name: None }
TRACE [neovide::channel_utils] neovim_handler HighlightAttributesDefine { id: 138, style: Style { colors: Colors { foreground: Some(Color4f { r: 0.76862746, g: 0.654902, b: 0.90588236, a: 1.0 }), background: None, special: Some(Color4f { r: 0.76862746, g: 0.654902, b: 0.90588236, a: 1.0 }) }, reverse: false, italic: false, bold: false, strikethrough: false, blend: 0, underline: Some(Underline) }, name: None }
TRACE [neovide::channel_utils] neovim_handler HighlightAttributesDefine { id: 139, style: Style { colors: Colors { foreground: None, background: Some(Color4f { r: 0.12941177, g: 0.1254902, b: 0.18039216, a: 1.0 }), special: None }, reverse: false, italic: false, bold: false, strikethrough: false, blend: 0, underline: None }, name: None }
TRACE [neovide::channel_utils] neovim_handler HighlightAttributesDefine { id: 140, style: Style { colors: Colors { foreground: None, background: Some(Color4f { r: 0.2, g: 0.1764706, b: 0.25490198, a: 1.0 }), special: None }, reverse: false, italic: false, bold: false, strikethrough: false, blend: 0, underline: None }, name: None }
TRACE [neovide::channel_utils] neovim_handler HighlightAttributesDefine { id: 141, style: Style { colors: Colors { foreground: Some(Color4f { r: 0.6117647, g: 0.8117647, b: 0.84705883, a: 1.0 }), background: Some(Color4f { r: 0.14901961, g: 0.16078432, b: 0.21176471, a: 1.0 }), special: None }, reverse: false, italic: false, bold: false, strikethrough: false, blend: 0, underline: None }, name: None }
TRACE [neovide::channel_utils] neovim_handler HighlightAttributesDefine { id: 142, style: Style { colors: Colors { foreground: Some(Color4f { r: 0.6117647, g: 0.8117647, b: 0.84705883, a: 1.0 }), background: Some(Color4f { r: 0.14901961, g: 0.13725491, b: 0.22745098, a: 1.0 }), special: None }, reverse: false, italic: false, bold: false, strikethrough: false, blend: 0, underline: None }, name: None }
TRACE [neovide::channel_utils] neovim_handler HighlightAttributesDefine { id: 143, style: Style { colors: Colors { foreground: Some(Color4f { r: 0.32156864, g: 0.30980393, b: 0.40392157, a: 1.0 }), background: Some(Color4f { r: 0.8784314, g: 0.87058824, b: 0.95686275, a: 1.0 }), special: None }, reverse: false, italic: false, bold: false, strikethrough: false, blend: 0, underline: None }, name: None }
TRACE [neovide::channel_utils] neovim_handler HighlightAttributesDefine { id: 144, style: Style { colors: Colors { foreground: Some(Color4f { r: 0.76862746, g: 0.654902, b: 0.90588236, a: 1.0 }), background: Some(Color4f { r: 0.12156863, g: 0.11372549, b: 0.18039216, a: 1.0 }), special: None }, reverse: false, italic: false, bold: false, strikethrough: false, blend: 0, underline: None }, name: None }
TRACE [neovide::channel_utils] neovim_handler HighlightAttributesDefine { id: 145, style: Style { colors: Colors { foreground: None, background: None, special: None }, reverse: true, italic: false, bold: false, strikethrough: false, blend: 0, underline: None }, name: None }
TRACE [neovide::channel_utils] neovim_handler HighlightAttributesDefine { id: 146, style: Style { colors: Colors { foreground: Some(Color4f { r: 0.92156863, g: 0.7372549, b: 0.7294118, a: 1.0 }), background: Some(Color4f { r: 0.2627451, g: 0.21960784, b: 0.25882354, a: 1.0 }), special: None }, reverse: false, italic: false, bold: false, strikethrough: false, blend: 0, underline: None }, name: None }
TRACE [neovide::channel_utils] neovim_handler HighlightAttributesDefine { id: 147, style: Style { colors: Colors { foreground: Some(Color4f { r: 0.9647059, g: 0.75686276, b: 0.46666667, a: 1.0 }), background: None, special: None }, reverse: false, italic: false, bold: false, strikethrough: false, blend: 0, underline: None }, name: None }
TRACE [neovide::channel_utils] neovim_handler HighlightAttributesDefine { id: 148, style: Style { colors: Colors { foreground: Some(Color4f { r: 0.92156863, g: 0.7372549, b: 0.7294118, a: 1.0 }), background: None, special: None }, reverse: false, italic: false, bold: false, strikethrough: false, blend: 0, underline: None }, name: None }
TRACE [neovide::channel_utils] neovim_handler HighlightAttributesDefine { id: 149, style: Style { colors: Colors { foreground: Some(Color4f { r: 0.43137255, g: 0.41568628, b: 0.5254902, a: 1.0 }), background: None, special: None }, reverse: false, italic: false, bold: false, strikethrough: false, blend: 0, underline: None }, name: None }
TRACE [neovide::channel_utils] neovim_handler HighlightAttributesDefine { id: 150, style: Style { colors: Colors { foreground: Some(Color4f { r: 0.8784314, g: 0.87058824, b: 0.95686275, a: 1.0 }), background: Some(Color4f { r: 0.32156864, g: 0.30980393, b: 0.40392157, a: 1.0 }), special: None }, reverse: false, italic: false, bold: false, strikethrough: false, blend: 0, underline: None }, name: None }
TRACE [neovide::channel_utils] neovim_handler WindowViewportMargins { grid: 2, top: 0, bottom: 0, left: 0, right: 0 }
TRACE [neovide::channel_utils] neovim_handler HighlightAttributesDefine { id: 151, style: Style { colors: Colors { foreground: Some(Color4f { r: 0.76862746, g: 0.654902, b: 0.90588236, a: 1.0 }), background: Some(Color4f { r: 0.16862746, g: 0.14509805, b: 0.2, a: 1.0 }), special: None }, reverse: false, italic: false, bold: false, strikethrough: false, blend: 0, underline: None }, name: None }
TRACE [neovide::channel_utils] neovim_handler HighlightAttributesDefine { id: 152, style: Style { colors: Colors { foreground: Some(Color4f { r: 0.6117647, g: 0.8117647, b: 0.84705883, a: 1.0 }), background: Some(Color4f { r: 0.16862746, g: 0.14509805, b: 0.2, a: 1.0 }), special: None }, reverse: false, italic: false, bold: false, strikethrough: false, blend: 0, underline: None }, name: None }
TRACE [neovide::channel_utils] neovim_handler HighlightAttributesDefine { id: 153, style: Style { colors: Colors { foreground: Some(Color4f { r: 0.76862746, g: 0.654902, b: 0.90588236, a: 1.0 }), background: Some(Color4f { r: 0.20392157, g: 0.09411765, b: 0.1254902, a: 1.0 }), special: None }, reverse: false, italic: false, bold: false, strikethrough: false, blend: 0, underline: None }, name: None }
TRACE [neovide::channel_utils] neovim_handler HighlightAttributesDefine { id: 154, style: Style { colors: Colors { foreground: Some(Color4f { r: 0.92156863, g: 0.43529412, b: 0.57254905, a: 1.0 }), background: Some(Color4f { r: 0.14901961, g: 0.13725491, b: 0.22745098, a: 1.0 }), special: None }, reverse: false, italic: false, bold: false, strikethrough: false, blend: 0, underline: None }, name: None }
TRACE [neovide::channel_utils] neovim_handler HighlightAttributesDefine { id: 155, style: Style { colors: Colors { foreground: Some(Color4f { r: 0.92156863, g: 0.43529412, b: 0.57254905, a: 1.0 }), background: Some(Color4f { r: 0.20392157, g: 0.09411765, b: 0.1254902, a: 1.0 }), special: None }, reverse: false, italic: false, bold: false, strikethrough: false, blend: 0, underline: None }, name: None }
TRACE [neovide::channel_utils] neovim_handler HighlightAttributesDefine { id: 156, style: Style { colors: Colors { foreground: Some(Color4f { r: 0.20392157, g: 0.09411765, b: 0.1254902, a: 1.0 }), background: Some(Color4f { r: 0.14901961, g: 0.13725491, b: 0.22745098, a: 1.0 }), special: None }, reverse: false, italic: false, bold: false, strikethrough: false, blend: 0, underline: None }, name: None }
TRACE [neovide::channel_utils] neovim_handler HighlightAttributesDefine { id: 157, style: Style { colors: Colors { foreground: Some(Color4f { r: 0.20392157, g: 0.09411765, b: 0.1254902, a: 1.0 }), background: None, special: None }, reverse: false, italic: false, bold: false, strikethrough: false, blend: 0, underline: None }, name: None }
TRACE [neovide::channel_utils] neovim_handler HighlightAttributesDefine { id: 158, style: Style { colors: Colors { foreground: Some(Color4f { r: 0.9647059, g: 0.75686276, b: 0.46666667, a: 1.0 }), background: Some(Color4f { r: 0.21176471, g: 0.16470589, b: 0.101960786, a: 1.0 }), special: None }, reverse: false, italic: false, bold: false, strikethrough: false, blend: 0, underline: None }, name: None }
TRACE [neovide::channel_utils] neovim_handler HighlightAttributesDefine { id: 159, style: Style { colors: Colors { foreground: Some(Color4f { r: 0.21176471, g: 0.16470589, b: 0.101960786, a: 1.0 }), background: Some(Color4f { r: 0.14901961, g: 0.13725491, b: 0.22745098, a: 1.0 }), special: None }, reverse: false, italic: false, bold: false, strikethrough: false, blend: 0, underline: None }, name: None }
TRACE [neovide::channel_utils] neovim_handler HighlightAttributesDefine { id: 160, style: Style { colors: Colors { foreground: Some(Color4f { r: 0.21176471, g: 0.16470589, b: 0.101960786, a: 1.0 }), background: None, special: None }, reverse: false, italic: false, bold: false, strikethrough: false, blend: 0, underline: None }, name: None }
TRACE [neovide::channel_utils] neovim_handler HighlightAttributesDefine { id: 161, style: Style { colors: Colors { foreground: Some(Color4f { r: 0.6117647, g: 0.8117647, b: 0.84705883, a: 1.0 }), background: Some(Color4f { r: 0.13333334, g: 0.18039216, b: 0.1882353, a: 1.0 }), special: None }, reverse: false, italic: false, bold: false, strikethrough: false, blend: 0, underline: None }, name: None }
TRACE [neovide::channel_utils] neovim_handler HighlightAttributesDefine { id: 162, style: Style { colors: Colors { foreground: Some(Color4f { r: 0.13333334, g: 0.18039216, b: 0.1882353, a: 1.0 }), background: Some(Color4f { r: 0.14901961, g: 0.13725491, b: 0.22745098, a: 1.0 }), special: None }, reverse: false, italic: false, bold: false, strikethrough: false, blend: 0, underline: None }, name: None }
TRACE [neovide::channel_utils] neovim_handler HighlightAttributesDefine { id: 163, style: Style { colors: Colors { foreground: Some(Color4f { r: 0.13333334, g: 0.18039216, b: 0.1882353, a: 1.0 }), background: None, special: None }, reverse: false, italic: false, bold: false, strikethrough: false, blend: 0, underline: None }, name: None }
TRACE [neovide::channel_utils] neovim_handler HighlightAttributesDefine { id: 164, style: Style { colors: Colors { foreground: Some(Color4f { r: 0.76862746, g: 0.654902, b: 0.90588236, a: 1.0 }), background: Some(Color4f { r: 0.14901961, g: 0.13725491, b: 0.22745098, a: 1.0 }), special: None }, reverse: false, italic: false, bold: false, strikethrough: false, blend: 0, underline: None }, name: None }
TRACE [neovide::channel_utils] neovim_handler HighlightAttributesDefine { id: 165, style: Style { colors: Colors { foreground: Some(Color4f { r: 0.16862746, g: 0.14509805, b: 0.2, a: 1.0 }), background: Some(Color4f { r: 0.14901961, g: 0.13725491, b: 0.22745098, a: 1.0 }), special: None }, reverse: false, italic: false, bold: false, strikethrough: false, blend: 0, underline: None }, name: None }
TRACE [neovide::channel_utils] neovim_handler HighlightAttributesDefine { id: 166, style: Style { colors: Colors { foreground: Some(Color4f { r: 0.16862746, g: 0.14509805, b: 0.2, a: 1.0 }), background: None, special: None }, reverse: false, italic: false, bold: false, strikethrough: false, blend: 0, underline: None }, name: None }
TRACE [neovide::channel_utils] neovim_handler HighlightAttributesDefine { id: 167, style: Style { colors: Colors { foreground: Some(Color4f { r: 0.92156863, g: 0.43529412, b: 0.57254905, a: 1.0 }), background: Some(Color4f { r: 0.21176471, g: 0.16470589, b: 0.101960786, a: 1.0 }), special: None }, reverse: false, italic: false, bold: false, strikethrough: false, blend: 0, underline: None }, name: None }
TRACE [neovide::renderer::fonts::font_loader] Loading font FontKey { font_desc: Some(FontDescription { family: "Source Code Pro", style: None }), hinting: Full, edging: AntiAlias }
INFO [neovide::renderer::fonts::caching_shaper] Reset Font Loader: font_size: 18.67px, font_width: 15.55px
TRACE [neovide::renderer::grid_renderer] Updated font dimensions: GridScale { transform: Transform2 { matrix: [(15.54948, 0.0, 0.0), (0.0, 22.0, 0.0), (0.0, 0.0, 1.0)] } }
DEBUG [neovide::renderer::fonts::caching_shaper] Updating linespace: 0
DEBUG [neovide::renderer::fonts::caching_shaper] Linespace updated to: 0
TRACE [neovide::renderer::fonts::font_loader] Loading font FontKey { font_desc: Some(FontDescription { family: "Source Code Pro", style: None }), hinting: Full, edging: AntiAlias }
INFO [neovide::renderer::fonts::caching_shaper] Reset Font Loader: font_size: 18.67px, font_width: 15.55px
TRACE [neovide::renderer::grid_renderer] Updated font dimensions: GridScale { transform: Transform2 { matrix: [(15.54948, 0.0, 0.0), (0.0, 22.0, 0.0), (0.0, 0.0, 1.0)] } }
TRACE [neovide::bridge::handler] Neovim notification: "option_changed"
TRACE [neovide::bridge::handler] Neovim notification: "redraw"
DEBUG [neovide::bridge::events] Ignored style attribute: "nocombine"
DEBUG [neovide::bridge::events] Ignored style attribute: "nocombine"
DEBUG [neovide::bridge::events] Ignored style attribute: "nocombine"
DEBUG [neovide::bridge::events] Ignored style attribute: "nocombine"
DEBUG [neovide::bridge::events] Ignored style attribute: "nocombine"
DEBUG [neovide::bridge::events] Ignored style attribute: "nocombine"
DEBUG [neovide::bridge::events] Ignored style attribute: "nocombine"
DEBUG [neovide::bridge::events] Ignored style attribute: "nocombine"
DEBUG [neovide::bridge::events] Ignored style attribute: "nocombine"
DEBUG [neovide::bridge::events] Ignored style attribute: "nocombine"
DEBUG [neovide::bridge::events] Ignored style attribute: "nocombine"
DEBUG [neovide::bridge::events] Ignored style attribute: "nocombine"
DEBUG [neovide::bridge::events] Ignored style attribute: "nocombine"
DEBUG [neovide::bridge::events] Ignored style attribute: "nocombine"
DEBUG [neovide::bridge::events] Ignored style attribute: "nocombine"
DEBUG [neovide::bridge::events] Ignored style attribute: "nocombine"
DEBUG [neovide::bridge::events] Ignored style attribute: "nocombine"
DEBUG [neovide::bridge::events] Ignored style attribute: "nocombine"
DEBUG [neovide::bridge::events] Ignored style attribute: "nocombine"
TRACE [neovide::channel_utils] neovim_handler HighlightAttributesDefine { id: 168, style: Style { colors: Colors { foreground: Some(Color4f { r: 0.92156863, g: 0.43529412, b: 0.57254905, a: 1.0 }), background: Some(Color4f { r: 0.13333334, g: 0.18039216, b: 0.1882353, a: 1.0 }), special: None }, reverse: false, italic: false, bold: false, strikethrough: false, blend: 0, underline: None }, name: None }
TRACE [neovide::channel_utils] neovim_handler HighlightAttributesDefine { id: 169, style: Style { colors: Colors { foreground: Some(Color4f { r: 0.92156863, g: 0.43529412, b: 0.57254905, a: 1.0 }), background: Some(Color4f { r: 0.16862746, g: 0.14509805, b: 0.2, a: 1.0 }), special: None }, reverse: false, italic: false, bold: false, strikethrough: false, blend: 0, underline: None }, name: None }
TRACE [neovide::channel_utils] neovim_handler HighlightAttributesDefine { id: 170, style: Style { colors: Colors { foreground: Some(Color4f { r: 0.9647059, g: 0.75686276, b: 0.46666667, a: 1.0 }), background: Some(Color4f { r: 0.20392157, g: 0.09411765, b: 0.1254902, a: 1.0 }), special: None }, reverse: false, italic: false, bold: false, strikethrough: false, blend: 0, underline: None }, name: None }
TRACE [neovide::channel_utils] neovim_handler HighlightAttributesDefine { id: 171, style: Style { colors: Colors { foreground: Some(Color4f { r: 0.9647059, g: 0.75686276, b: 0.46666667, a: 1.0 }), background: Some(Color4f { r: 0.13333334, g: 0.18039216, b: 0.1882353, a: 1.0 }), special: None }, reverse: false, italic: false, bold: false, strikethrough: false, blend: 0, underline: None }, name: None }
TRACE [neovide::channel_utils] neovim_handler HighlightAttributesDefine { id: 172, style: Style { colors: Colors { foreground: Some(Color4f { r: 0.9647059, g: 0.75686276, b: 0.46666667, a: 1.0 }), background: Some(Color4f { r: 0.16862746, g: 0.14509805, b: 0.2, a: 1.0 }), special: None }, reverse: false, italic: false, bold: false, strikethrough: false, blend: 0, underline: None }, name: None }
TRACE [neovide::channel_utils] neovim_handler HighlightAttributesDefine { id: 173, style: Style { colors: Colors { foreground: Some(Color4f { r: 0.6117647, g: 0.8117647, b: 0.84705883, a: 1.0 }), background: Some(Color4f { r: 0.20392157, g: 0.09411765, b: 0.1254902, a: 1.0 }), special: None }, reverse: false, italic: false, bold: false, strikethrough: false, blend: 0, underline: None }, name: None }
TRACE [neovide::channel_utils] neovim_handler HighlightAttributesDefine { id: 174, style: Style { colors: Colors { foreground: Some(Color4f { r: 0.6117647, g: 0.8117647, b: 0.84705883, a: 1.0 }), background: Some(Color4f { r: 0.21176471, g: 0.16470589, b: 0.101960786, a: 1.0 }), special: None }, reverse: false, italic: false, bold: false, strikethrough: false, blend: 0, underline: None }, name: None }
TRACE [neovide::channel_utils] neovim_handler HighlightAttributesDefine { id: 175, style: Style { colors: Colors { foreground: Some(Color4f { r: 0.43137255, g: 0.41568628, b: 0.5254902, a: 1.0 }), background: Some(Color4f { r: 0.14901961, g: 0.13725491, b: 0.22745098, a: 1.0 }), special: None }, reverse: false, italic: false, bold: false, strikethrough: false, blend: 0, underline: None }, name: None }
TRACE [neovide::channel_utils] neovim_handler HighlightAttributesDefine { id: 176, style: Style { colors: Colors { foreground: Some(Color4f { r: 0.76862746, g: 0.654902, b: 0.90588236, a: 1.0 }), background: Some(Color4f { r: 0.21176471, g: 0.16470589, b: 0.101960786, a: 1.0 }), special: None }, reverse: false, italic: false, bold: false, strikethrough: false, blend: 0, underline: None }, name: None }
TRACE [neovide::channel_utils] neovim_handler HighlightAttributesDefine { id: 177, style: Style { colors: Colors { foreground: Some(Color4f { r: 0.76862746, g: 0.654902, b: 0.90588236, a: 1.0 }), background: Some(Color4f { r: 0.13333334, g: 0.18039216, b: 0.1882353, a: 1.0 }), special: None }, reverse: false, italic: false, bold: false, strikethrough: false, blend: 0, underline: None }, name: None }
TRACE [neovide::channel_utils] neovim_handler HighlightAttributesDefine { id: 178, style: Style { colors: Colors { foreground: Some(Color4f { r: 0.30588236, g: 0.40392157, b: 0.42352942, a: 1.0 }), background: None, special: None }, reverse: false, italic: false, bold: false, strikethrough: false, blend: 0, underline: None }, name: None }
TRACE [neovide::channel_utils] neovim_handler HighlightAttributesDefine { id: 179, style: Style { colors: Colors { foreground: Some(Color4f { r: 0.45882353, g: 0.36862746, b: 0.3647059, a: 1.0 }), background: None, special: None }, reverse: false, italic: false, bold: false, strikethrough: false, blend: 0, underline: None }, name: None }
TRACE [neovide::channel_utils] neovim_handler HighlightAttributesDefine { id: 180, style: Style { colors: Colors { foreground: Some(Color4f { r: 0.45882353, g: 0.21568628, b: 0.28627452, a: 1.0 }), background: None, special: None }, reverse: false, italic: false, bold: false, strikethrough: false, blend: 0, underline: None }, name: None }
TRACE [neovide::channel_utils] neovim_handler HighlightAttributesDefine { id: 181, style: Style { colors: Colors { foreground: None, background: Some(Color4f { r: 0.2, g: 0.23529412, b: 0.28235295, a: 1.0 }), special: None }, reverse: false, italic: false, bold: false, strikethrough: false, blend: 0, underline: None }, name: None }
TRACE [neovide::channel_utils] neovim_handler HighlightAttributesDefine { id: 182, style: Style { colors: Colors { foreground: None, background: Some(Color4f { r: 0.2627451, g: 0.21960784, b: 0.25882354, a: 1.0 }), special: None }, reverse: false, italic: false, bold: false, strikethrough: false, blend: 0, underline: None }, name: None }
TRACE [neovide::channel_utils] neovim_handler HighlightAttributesDefine { id: 183, style: Style { colors: Colors { foreground: Some(Color4f { r: 0.8784314, g: 0.87058824, b: 0.95686275, a: 1.0 }), background: None, special: None }, reverse: false, italic: false, bold: false, strikethrough: false, blend: 0, underline: None }, name: None }
TRACE [neovide::channel_utils] neovim_handler HighlightAttributesDefine { id: 184, style: Style { colors: Colors { foreground: Some(Color4f { r: 0.09803922, g: 0.09019608, b: 0.14117648, a: 1.0 }), background: Some(Color4f { r: 0.92156863, g: 0.7372549, b: 0.7294118, a: 1.0 }), special: None }, reverse: false, italic: false, bold: true, strikethrough: false, blend: 0, underline: None }, name: None }
TRACE [neovide::channel_utils] neovim_handler HighlightAttributesDefine { id: 185, style: Style { colors: Colors { foreground: Some(Color4f { r: 0.92156863, g: 0.7372549, b: 0.7294118, a: 1.0 }), background: Some(Color4f { r: 0.14901961, g: 0.13725491, b: 0.22745098, a: 1.0 }), special: None }, reverse: false, italic: false, bold: false, strikethrough: false, blend: 0, underline: None }, name: None }
TRACE [neovide::channel_utils] neovim_handler HighlightAttributesDefine { id: 186, style: Style { colors: Colors { foreground: Some(Color4f { r: 0.09803922, g: 0.09019608, b: 0.14117648, a: 1.0 }), background: Some(Color4f { r: 0.76862746, g: 0.654902, b: 0.90588236, a: 1.0 }), special: None }, reverse: false, italic: false, bold: true, strikethrough: false, blend: 0, underline: None }, name: None }
TRACE [neovide::channel_utils] neovim_handler HighlightAttributesDefine { id: 187, style: Style { colors: Colors { foreground: Some(Color4f { r: 0.76862746, g: 0.654902, b: 0.90588236, a: 1.0 }), background: Some(Color4f { r: 0.14901961, g: 0.13725491, b: 0.22745098, a: 1.0 }), special: None }, reverse: false, italic: false, bold: false, strikethrough: false, blend: 0, underline: None }, name: None }
TRACE [neovide::channel_utils] neovim_handler HighlightAttributesDefine { id: 188, style: Style { colors: Colors { foreground: Some(Color4f { r: 0.09803922, g: 0.09019608, b: 0.14117648, a: 1.0 }), background: Some(Color4f { r: 0.6117647, g: 0.8117647, b: 0.84705883, a: 1.0 }), special: None }, reverse: false, italic: false, bold: true, strikethrough: false, blend: 0, underline: None }, name: None }
TRACE [neovide::channel_utils] neovim_handler HighlightAttributesDefine { id: 189, style: Style { colors: Colors { foreground: Some(Color4f { r: 0.6117647, g: 0.8117647, b: 0.84705883, a: 1.0 }), background: Some(Color4f { r: 0.14901961, g: 0.13725491, b: 0.22745098, a: 1.0 }), special: None }, reverse: false, italic: false, bold: false, strikethrough: false, blend: 0, underline: None }, name: None }
TRACE [neovide::channel_utils] neovim_handler HighlightAttributesDefine { id: 190, style: Style { colors: Colors { foreground: Some(Color4f { r: 0.09803922, g: 0.09019608, b: 0.14117648, a: 1.0 }), background: Some(Color4f { r: 0.19215687, g: 0.45490196, b: 0.56078434, a: 1.0 }), special: None }, reverse: false, italic: false, bold: true, strikethrough: false, blend: 0, underline: None }, name: None }
TRACE [neovide::channel_utils] neovim_handler HighlightAttributesDefine { id: 191, style: Style { colors: Colors { foreground: Some(Color4f { r: 0.19215687, g: 0.45490196, b: 0.56078434, a: 1.0 }), background: Some(Color4f { r: 0.14901961, g: 0.13725491, b: 0.22745098, a: 1.0 }), special: None }, reverse: false, italic: false, bold: false, strikethrough: false, blend: 0, underline: None }, name: None }
TRACE [neovide::channel_utils] neovim_handler HighlightAttributesDefine { id: 192, style: Style { colors: Colors { foreground: Some(Color4f { r: 0.43137255, g: 0.41568628, b: 0.5254902, a: 1.0 }), background: None, special: None }, reverse: false, italic: false, bold: true, strikethrough: false, blend: 0, underline: None }, name: None }
TRACE [neovide::channel_utils] neovim_handler HighlightAttributesDefine { id: 193, style: Style { colors: Colors { foreground: Some(Color4f { r: 0.43137255, g: 0.41568628, b: 0.5254902, a: 1.0 }), background: None, special: None }, reverse: false, italic: false, bold: false, strikethrough: false, blend: 0, underline: None }, name: None }
TRACE [neovide::channel_utils] neovim_handler HighlightAttributesDefine { id: 194, style: Style { colors: Colors { foreground: Some(Color4f { r: 0.09803922, g: 0.09019608, b: 0.14117648, a: 1.0 }), background: Some(Color4f { r: 0.92156863, g: 0.43529412, b: 0.57254905, a: 1.0 }), special: None }, reverse: false, italic: false, bold: true, strikethrough: false, blend: 0, underline: None }, name: None }
TRACE [neovide::channel_utils] neovim_handler HighlightAttributesDefine { id: 195, style: Style { colors: Colors { foreground: Some(Color4f { r: 0.92156863, g: 0.43529412, b: 0.57254905, a: 1.0 }), background: Some(Color4f { r: 0.14901961, g: 0.13725491, b: 0.22745098, a: 1.0 }), special: None }, reverse: false, italic: false, bold: false, strikethrough: false, blend: 0, underline: None }, name: None }
TRACE [neovide::channel_utils] neovim_handler HighlightAttributesDefine { id: 196, style: Style { colors: Colors { foreground: Some(Color4f { r: 0.6117647, g: 0.8117647, b: 0.84705883, a: 1.0 }), background: None, special: None }, reverse: false, italic: false, bold: false, strikethrough: false, blend: 0, underline: None }, name: None }
TRACE [neovide::channel_utils] neovim_handler HighlightAttributesDefine { id: 197, style: Style { colors: Colors { foreground: Some(Color4f { r: 0.92156863, g: 0.7372549, b: 0.7294118, a: 1.0 }), background: None, special: None }, reverse: false, italic: false, bold: false, strikethrough: false, blend: 0, underline: None }, name: None }
TRACE [neovide::channel_utils] neovim_handler HighlightAttributesDefine { id: 198, style: Style { colors: Colors { foreground: Some(Color4f { r: 0.92156863, g: 0.43529412, b: 0.57254905, a: 1.0 }), background: None, special: None }, reverse: false, italic: false, bold: false, strikethrough: false, blend: 0, underline: None }, name: None }
TRACE [neovide::channel_utils] neovim_handler HighlightAttributesDefine { id: 199, style: Style { colors: Colors { foreground: Some(Color4f { r: 0.9647059, g: 0.75686276, b: 0.46666667, a: 1.0 }), background: Some(Color4f { r: 0.14901961, g: 0.13725491, b: 0.22745098, a: 1.0 }), special: None }, reverse: false, italic: false, bold: false, strikethrough: false, blend: 0, underline: None }, name: None }
TRACE [neovide::channel_utils] neovim_handler HighlightAttributesDefine { id: 200, style: Style { colors: Colors { foreground: Some(Color4f { r: 0.9647059, g: 0.75686276, b: 0.46666667, a: 1.0 }), background: None, special: None }, reverse: false, italic: false, bold: false, strikethrough: false, blend: 0, underline: None }, name: None }
TRACE [neovide::channel_utils] neovim_handler HighlightAttributesDefine { id: 201, style: Style { colors: Colors { foreground: Some(Color4f { r: 0.76862746, g: 0.654902, b: 0.90588236, a: 1.0 }), background: None, special: None }, reverse: false, italic: false, bold: false, strikethrough: false, blend: 0, underline: None }, name: None }
TRACE [neovide::channel_utils] neovim_handler HighlightAttributesDefine { id: 202, style: Style { colors: Colors { foreground: Some(Color4f { r: 0.8784314, g: 0.8784314, b: 0.8784314, a: 1.0 }), background: Some(Color4f { r: 0.22745098, g: 0.22745098, b: 0.22745098, a: 1.0 }), special: None }, reverse: false, italic: false, bold: false, strikethrough: false, blend: 0, underline: None }, name: None }
TRACE [neovide::channel_utils] neovim_handler HighlightAttributesDefine { id: 203, style: Style { colors: Colors { foreground: Some(Color4f { r: 0.22745098, g: 0.22745098, b: 0.22745098, a: 1.0 }), background: None, special: None }, reverse: false, italic: false, bold: false, strikethrough: false, blend: 0, underline: None }, name: None }
TRACE [neovide::channel_utils] neovim_handler HighlightAttributesDefine { id: 204, style: Style { colors: Colors { foreground: Some(Color4f { r: 0.13725491, g: 0.67058825, b: 0.28627452, a: 1.0 }), background: None, special: None }, reverse: false, italic: false, bold: false, strikethrough: false, blend: 0, underline: None }, name: None }
TRACE [neovide::channel_utils] neovim_handler HighlightAttributesDefine { id: 205, style: Style { colors: Colors { foreground: Some(Color4f { r: 0.13725491, g: 0.54509807, b: 0.7254902, a: 1.0 }), background: None, special: None }, reverse: false, italic: false, bold: false, strikethrough: false, blend: 0, underline: None }, name: None }
TRACE [neovide::channel_utils] neovim_handler HighlightGroupSet { name: "SpecialKey", id: 63 }
TRACE [neovide::channel_utils] neovim_handler HighlightGroupSet { name: "EndOfBuffer", id: 65 }
TRACE [neovide::channel_utils] neovim_handler HighlightGroupSet { name: "TermCursor", id: 4 }
TRACE [neovide::channel_utils] neovim_handler HighlightGroupSet { name: "NonText", id: 65 }
TRACE [neovide::channel_utils] neovim_handler HighlightGroupSet { name: "Directory", id: 63 }
TRACE [neovide::channel_utils] neovim_handler HighlightGroupSet { name: "ErrorMsg", id: 64 }
TRACE [neovide::channel_utils] neovim_handler HighlightGroupSet { name: "IncSearch", id: 74 }
TRACE [neovide::channel_utils] neovim_handler HighlightGroupSet { name: "Search", id: 77 }
TRACE [neovide::channel_utils] neovim_handler HighlightGroupSet { name: "CurSearch", id: 74 }
TRACE [neovide::channel_utils] neovim_handler HighlightGroupSet { name: "MoreMsg", id: 69 }
TRACE [neovide::channel_utils] neovim_handler HighlightGroupSet { name: "ModeMsg", id: 68 }
TRACE [neovide::channel_utils] neovim_handler HighlightGroupSet { name: "LineNr", id: 65 }
TRACE [neovide::channel_utils] neovim_handler HighlightGroupSet { name: "LineNrAbove", id: 65 }
TRACE [neovide::channel_utils] neovim_handler HighlightGroupSet { name: "LineNrBelow", id: 65 }
TRACE [neovide::channel_utils] neovim_handler HighlightGroupSet { name: "CursorLineNr", id: 86 }
TRACE [neovide::channel_utils] neovim_handler HighlightGroupSet { name: "CursorLineSign", id: 66 }
TRACE [neovide::channel_utils] neovim_handler HighlightGroupSet { name: "CursorLineFold", id: 65 }
TRACE [neovide::channel_utils] neovim_handler HighlightGroupSet { name: "Question", id: 80 }
TRACE [neovide::channel_utils] neovim_handler HighlightGroupSet { name: "StatusLine", id: 68 }
TRACE [neovide::channel_utils] neovim_handler HighlightGroupSet { name: "StatusLineNC", id: 65 }
TRACE [neovide::channel_utils] neovim_handler HighlightGroupSet { name: "WinSeparator", id: 65 }
TRACE [neovide::channel_utils] neovim_handler HighlightGroupSet { name: "VertSplit", id: 65 }
TRACE [neovide::channel_utils] neovim_handler HighlightGroupSet { name: "Title", id: 63 }
TRACE [neovide::channel_utils] neovim_handler HighlightGroupSet { name: "Visual", id: 140 }
TRACE [neovide::channel_utils] neovim_handler HighlightGroupSet { name: "WarningMsg", id: 80 }
TRACE [neovide::channel_utils] neovim_handler HighlightGroupSet { name: "WildMenu", id: 74 }
TRACE [neovide::channel_utils] neovim_handler HighlightGroupSet { name: "Folded", id: 66 }
TRACE [neovide::channel_utils] neovim_handler HighlightGroupSet { name: "FoldColumn", id: 65 }
TRACE [neovide::channel_utils] neovim_handler HighlightGroupSet { name: "DiffAdd", id: 90 }
TRACE [neovide::channel_utils] neovim_handler HighlightGroupSet { name: "DiffChange", id: 60 }
TRACE [neovide::channel_utils] neovim_handler HighlightGroupSet { name: "DiffDelete", id: 61 }
TRACE [neovide::channel_utils] neovim_handler HighlightGroupSet { name: "DiffText", id: 62 }
TRACE [neovide::channel_utils] neovim_handler HighlightGroupSet { name: "DiffTextAdd", id: 62 }
TRACE [neovide::channel_utils] neovim_handler HighlightGroupSet { name: "SignColumn", id: 66 }
TRACE [neovide::channel_utils] neovim_handler HighlightGroupSet { name: "SpellBad", id: 78 }
TRACE [neovide::channel_utils] neovim_handler HighlightGroupSet { name: "SpellCap", id: 78 }
TRACE [neovide::channel_utils] neovim_handler HighlightGroupSet { name: "SpellRare", id: 78 }
TRACE [neovide::channel_utils] neovim_handler HighlightGroupSet { name: "SpellLocal", id: 78 }
TRACE [neovide::channel_utils] neovim_handler HighlightGroupSet { name: "Pmenu", id: 68 }
TRACE [neovide::channel_utils] neovim_handler HighlightGroupSet { name: "PmenuSel", id: 88 }
TRACE [neovide::channel_utils] neovim_handler HighlightGroupSet { name: "PmenuMatch", id: 2 }
TRACE [neovide::channel_utils] neovim_handler HighlightGroupSet { name: "PmenuMatchSel", id: 2 }
TRACE [neovide::channel_utils] neovim_handler HighlightGroupSet { name: "PmenuKind", id: 63 }
TRACE [neovide::channel_utils] neovim_handler HighlightGroupSet { name: "PmenuKindSel", id: 73 }
TRACE [neovide::channel_utils] neovim_handler HighlightGroupSet { name: "PmenuExtra", id: 66 }
TRACE [neovide::channel_utils] neovim_handler HighlightGroupSet { name: "PmenuExtraSel", id: 73 }
TRACE [neovide::channel_utils] neovim_handler HighlightGroupSet { name: "PmenuSbar", id: 103 }
TRACE [neovide::channel_utils] neovim_handler HighlightGroupSet { name: "PmenuThumb", id: 100 }
TRACE [neovide::channel_utils] neovim_handler HighlightGroupSet { name: "PmenuBorder", id: 68 }
TRACE [neovide::channel_utils] neovim_handler HighlightGroupSet { name: "TabLine", id: 68 }
TRACE [neovide::channel_utils] neovim_handler HighlightGroupSet { name: "TabLineSel", id: 66 }
TRACE [neovide::channel_utils] neovim_handler HighlightGroupSet { name: "CursorColumn", id: 87 }
TRACE [neovide::channel_utils] neovim_handler HighlightGroupSet { name: "CursorLine", id: 87 }
TRACE [neovide::channel_utils] neovim_handler HighlightGroupSet { name: "ColorColumn", id: 103 }
TRACE [neovide::channel_utils] neovim_handler HighlightGroupSet { name: "QuickFixLine", id: 63 }
TRACE [neovide::channel_utils] neovim_handler HighlightGroupSet { name: "Whitespace", id: 65 }
TRACE [neovide::channel_utils] neovim_handler HighlightGroupSet { name: "NormalNC", id: 66 }
TRACE [neovide::channel_utils] neovim_handler HighlightGroupSet { name: "MsgSeparator", id: 68 }
TRACE [neovide::channel_utils] neovim_handler HighlightGroupSet { name: "FloatBorder", id: 65 }
TRACE [neovide::channel_utils] neovim_handler HighlightGroupSet { name: "WinBar", id: 82 }
TRACE [neovide::channel_utils] neovim_handler HighlightGroupSet { name: "WinBarNC", id: 83 }
TRACE [neovide::channel_utils] neovim_handler HighlightGroupSet { name: "Cursor", id: 150 }
TRACE [neovide::channel_utils] neovim_handler HighlightGroupSet { name: "FloatTitle", id: 63 }
TRACE [neovide::channel_utils] neovim_handler HighlightGroupSet { name: "FloatFooter", id: 63 }
TRACE [neovide::channel_utils] neovim_handler HighlightGroupSet { name: "StatusLineTerm", id: 75 }
TRACE [neovide::channel_utils] neovim_handler HighlightGroupSet { name: "StatusLineTermNC", id: 81 }
TRACE [neovide::channel_utils] neovim_handler HighlightGroupSet { name: "StderrMsg", id: 64 }
TRACE [neovide::channel_utils] neovim_handler HighlightGroupSet { name: "OkMsg", id: 15 }
TRACE [neovide::channel_utils] neovim_handler HighlightGroupSet { name: "PreInsert", id: 63 }
TRACE [neovide::channel_utils] neovim_handler Resize { grid: 2, width: 100, height: 49 }
TRACE [neovide::channel_utils] neovim_handler DefaultColorsSet { colors: Colors { foreground: Some(Color4f { r: 0.8784314, g: 0.87058824, b: 0.95686275, a: 1.0 }), background: Some(Color4f { r: 0.0, g: 0.0, b: 0.0, a: 1.0 }), special: Some(Color4f { r: 1.0, g: 0.0, b: 0.0, a: 1.0 }) } }
TRACE [neovide::channel_utils] neovim_handler GridLine { grid: 2, row: 0, column_start: 0, cells: [GridLineCell { text: " ", highlight_id: Some(66), repeat: Some(2) }, GridLineCell { text: "1", highlight_id: Some(86), repeat: None }, GridLineCell { text: " ", highlight_id: Some(86), repeat: Some(3) }, GridLineCell { text: " ", highlight_id: Some(87), repeat: Some(94) }, GridLineCell { text: " ", highlight_id: Some(0), repeat: Some(0) }] }
TRACE [neovide::channel_utils] neovim_handler GridLine { grid: 2, row: 1, column_start: 0, cells: [GridLineCell { text: " ", highlight_id: Some(65), repeat: None }, GridLineCell { text: " ", highlight_id: Some(65), repeat: Some(99) }] }
TRACE [neovide::channel_utils] neovim_handler GridLine { grid: 2, row: 2, column_start: 0, cells: [GridLineCell { text: " ", highlight_id: Some(65), repeat: None }, GridLineCell { text: " ", highlight_id: Some(65), repeat: Some(99) }] }
TRACE [neovide::channel_utils] neovim_handler GridLine { grid: 2, row: 3, column_start: 0, cells: [GridLineCell { text: " ", highlight_id: Some(65), repeat: None }, GridLineCell { text: " ", highlight_id: Some(65), repeat: Some(99) }] }
TRACE [neovide::channel_utils] neovim_handler GridLine { grid: 2, row: 4, column_start: 0, cells: [GridLineCell { text: " ", highlight_id: Some(65), repeat: None }, GridLineCell { text: " ", highlight_id: Some(65), repeat: Some(99) }] }
TRACE [neovide::channel_utils] neovim_handler GridLine { grid: 2, row: 5, column_start: 0, cells: [GridLineCell { text: " ", highlight_id: Some(65), repeat: None }, GridLineCell { text: " ", highlight_id: Some(65), repeat: Some(99) }] }
TRACE [neovide::channel_utils] neovim_handler GridLine { grid: 2, row: 6, column_start: 0, cells: [GridLineCell { text: " ", highlight_id: Some(65), repeat: None }, GridLineCell { text: " ", highlight_id: Some(65), repeat: Some(99) }] }
TRACE [neovide::channel_utils] neovim_handler GridLine { grid: 2, row: 7, column_start: 0, cells: [GridLineCell { text: " ", highlight_id: Some(65), repeat: None }, GridLineCell { text: " ", highlight_id: Some(65), repeat: Some(99) }] }
TRACE [neovide::channel_utils] neovim_handler GridLine { grid: 2, row: 8, column_start: 0, cells: [GridLineCell { text: " ", highlight_id: Some(65), repeat: None }, GridLineCell { text: " ", highlight_id: Some(65), repeat: Some(99) }] }
TRACE [neovide::channel_utils] neovim_handler GridLine { grid: 2, row: 9, column_start: 0, cells: [GridLineCell { text: " ", highlight_id: Some(65), repeat: None }, GridLineCell { text: " ", highlight_id: Some(65), repeat: Some(99) }] }
TRACE [neovide::channel_utils] neovim_handler GridLine { grid: 2, row: 10, column_start: 0, cells: [GridLineCell { text: " ", highlight_id: Some(65), repeat: None }, GridLineCell { text: " ", highlight_id: Some(65), repeat: Some(99) }] }
TRACE [neovide::channel_utils] neovim_handler GridLine { grid: 2, row: 11, column_start: 0, cells: [GridLineCell { text: " ", highlight_id: Some(65), repeat: None }, GridLineCell { text: " ", highlight_id: Some(65), repeat: Some(99) }] }
TRACE [neovide::channel_utils] neovim_handler GridLine { grid: 2, row: 12, column_start: 0, cells: [GridLineCell { text: " ", highlight_id: Some(65), repeat: None }, GridLineCell { text: " ", highlight_id: Some(65), repeat: Some(99) }] }
TRACE [neovide::channel_utils] neovim_handler GridLine { grid: 2, row: 13, column_start: 0, cells: [GridLineCell { text: " ", highlight_id: Some(65), repeat: None }, GridLineCell { text: " ", highlight_id: Some(65), repeat: Some(99) }] }
TRACE [neovide::channel_utils] neovim_handler GridLine { grid: 2, row: 14, column_start: 0, cells: [GridLineCell { text: " ", highlight_id: Some(65), repeat: None }, GridLineCell { text: " ", highlight_id: Some(65), repeat: Some(99) }] }
TRACE [neovide::channel_utils] neovim_handler GridLine { grid: 2, row: 15, column_start: 0, cells: [GridLineCell { text: " ", highlight_id: Some(65), repeat: None }, GridLineCell { text: " ", highlight_id: Some(65), repeat: Some(99) }] }
TRACE [neovide::channel_utils] neovim_handler GridLine { grid: 2, row: 16, column_start: 0, cells: [GridLineCell { text: " ", highlight_id: Some(65), repeat: None }, GridLineCell { text: " ", highlight_id: Some(65), repeat: Some(99) }] }
TRACE [neovide::channel_utils] neovim_handler GridLine { grid: 2, row: 17, column_start: 0, cells: [GridLineCell { text: " ", highlight_id: Some(65), repeat: None }, GridLineCell { text: " ", highlight_id: Some(65), repeat: Some(99) }] }
TRACE [neovide::channel_utils] neovim_handler GridLine { grid: 2, row: 18, column_start: 0, cells: [GridLineCell { text: " ", highlight_id: Some(65), repeat: None }, GridLineCell { text: " ", highlight_id: Some(65), repeat: Some(99) }] }
TRACE [neovide::channel_utils] neovim_handler GridLine { grid: 2, row: 19, column_start: 0, cells: [GridLineCell { text: " ", highlight_id: Some(65), repeat: None }, GridLineCell { text: " ", highlight_id: Some(65), repeat: Some(99) }] }
TRACE [neovide::channel_utils] neovim_handler GridLine { grid: 2, row: 20, column_start: 0, cells: [GridLineCell { text: " ", highlight_id: Some(65), repeat: None }, GridLineCell { text: " ", highlight_id: Some(65), repeat: Some(99) }] }
TRACE [neovide::channel_utils] neovim_handler GridLine { grid: 2, row: 21, column_start: 0, cells: [GridLineCell { text: " ", highlight_id: Some(65), repeat: None }, GridLineCell { text: " ", highlight_id: Some(65), repeat: Some(99) }] }
TRACE [neovide::channel_utils] neovim_handler GridLine { grid: 2, row: 22, column_start: 0, cells: [GridLineCell { text: " ", highlight_id: Some(65), repeat: None }, GridLineCell { text: " ", highlight_id: Some(65), repeat: Some(99) }] }
TRACE [neovide::channel_utils] neovim_handler GridLine { grid: 2, row: 23, column_start: 0, cells: [GridLineCell { text: " ", highlight_id: Some(65), repeat: None }, GridLineCell { text: " ", highlight_id: Some(65), repeat: Some(99) }] }
TRACE [neovide::channel_utils] neovim_handler GridLine { grid: 2, row: 24, column_start: 0, cells: [GridLineCell { text: " ", highlight_id: Some(65), repeat: None }, GridLineCell { text: " ", highlight_id: Some(65), repeat: Some(99) }] }
TRACE [neovide::channel_utils] neovim_handler GridLine { grid: 2, row: 25, column_start: 0, cells: [GridLineCell { text: " ", highlight_id: Some(65), repeat: None }, GridLineCell { text: " ", highlight_id: Some(65), repeat: Some(99) }] }
TRACE [neovide::channel_utils] neovim_handler GridLine { grid: 2, row: 26, column_start: 0, cells: [GridLineCell { text: " ", highlight_id: Some(65), repeat: None }, GridLineCell { text: " ", highlight_id: Some(65), repeat: Some(99) }] }
TRACE [neovide::channel_utils] neovim_handler GridLine { grid: 2, row: 27, column_start: 0, cells: [GridLineCell { text: " ", highlight_id: Some(65), repeat: None }, GridLineCell { text: " ", highlight_id: Some(65), repeat: Some(99) }] }
TRACE [neovide::channel_utils] neovim_handler GridLine { grid: 2, row: 28, column_start: 0, cells: [GridLineCell { text: " ", highlight_id: Some(65), repeat: None }, GridLineCell { text: " ", highlight_id: Some(65), repeat: Some(99) }] }
TRACE [neovide::channel_utils] neovim_handler GridLine { grid: 2, row: 29, column_start: 0, cells: [GridLineCell { text: " ", highlight_id: Some(65), repeat: None }, GridLineCell { text: " ", highlight_id: Some(65), repeat: Some(99) }] }
TRACE [neovide::channel_utils] neovim_handler GridLine { grid: 2, row: 30, column_start: 0, cells: [GridLineCell { text: " ", highlight_id: Some(65), repeat: None }, GridLineCell { text: " ", highlight_id: Some(65), repeat: Some(99) }] }
TRACE [neovide::channel_utils] neovim_handler GridLine { grid: 2, row: 31, column_start: 0, cells: [GridLineCell { text: " ", highlight_id: Some(65), repeat: None }, GridLineCell { text: " ", highlight_id: Some(65), repeat: Some(99) }] }
TRACE [neovide::channel_utils] neovim_handler GridLine { grid: 2, row: 32, column_start: 0, cells: [GridLineCell { text: " ", highlight_id: Some(65), repeat: None }, GridLineCell { text: " ", highlight_id: Some(65), repeat: Some(99) }] }
TRACE [neovide::channel_utils] neovim_handler GridLine { grid: 2, row: 33, column_start: 0, cells: [GridLineCell { text: " ", highlight_id: Some(65), repeat: None }, GridLineCell { text: " ", highlight_id: Some(65), repeat: Some(99) }] }
TRACE [neovide::channel_utils] neovim_handler GridLine { grid: 2, row: 34, column_start: 0, cells: [GridLineCell { text: " ", highlight_id: Some(65), repeat: None }, GridLineCell { text: " ", highlight_id: Some(65), repeat: Some(99) }] }
TRACE [neovide::channel_utils] neovim_handler GridLine { grid: 2, row: 35, column_start: 0, cells: [GridLineCell { text: " ", highlight_id: Some(65), repeat: None }, GridLineCell { text: " ", highlight_id: Some(65), repeat: Some(99) }] }
TRACE [neovide::channel_utils] neovim_handler GridLine { grid: 2, row: 36, column_start: 0, cells: [GridLineCell { text: " ", highlight_id: Some(65), repeat: None }, GridLineCell { text: " ", highlight_id: Some(65), repeat: Some(99) }] }
TRACE [neovide::channel_utils] neovim_handler GridLine { grid: 2, row: 37, column_start: 0, cells: [GridLineCell { text: " ", highlight_id: Some(65), repeat: None }, GridLineCell { text: " ", highlight_id: Some(65), repeat: Some(99) }] }
TRACE [neovide::channel_utils] neovim_handler GridLine { grid: 2, row: 38, column_start: 0, cells: [GridLineCell { text: " ", highlight_id: Some(65), repeat: None }, GridLineCell { text: " ", highlight_id: Some(65), repeat: Some(99) }] }
TRACE [neovide::channel_utils] neovim_handler GridLine { grid: 2, row: 39, column_start: 0, cells: [GridLineCell { text: " ", highlight_id: Some(65), repeat: None }, GridLineCell { text: " ", highlight_id: Some(65), repeat: Some(99) }] }
TRACE [neovide::channel_utils] neovim_handler GridLine { grid: 2, row: 40, column_start: 0, cells: [GridLineCell { text: " ", highlight_id: Some(65), repeat: None }, GridLineCell { text: " ", highlight_id: Some(65), repeat: Some(99) }] }
TRACE [neovide::channel_utils] neovim_handler GridLine { grid: 2, row: 41, column_start: 0, cells: [GridLineCell { text: " ", highlight_id: Some(65), repeat: None }, GridLineCell { text: " ", highlight_id: Some(65), repeat: Some(99) }] }
TRACE [neovide::channel_utils] neovim_handler GridLine { grid: 2, row: 42, column_start: 0, cells: [GridLineCell { text: " ", highlight_id: Some(65), repeat: None }, GridLineCell { text: " ", highlight_id: Some(65), repeat: Some(99) }] }
TRACE [neovide::channel_utils] neovim_handler GridLine { grid: 2, row: 43, column_start: 0, cells: [GridLineCell { text: " ", highlight_id: Some(65), repeat: None }, GridLineCell { text: " ", highlight_id: Some(65), repeat: Some(99) }] }
TRACE [neovide::channel_utils] neovim_handler GridLine { grid: 2, row: 44, column_start: 0, cells: [GridLineCell { text: " ", highlight_id: Some(65), repeat: None }, GridLineCell { text: " ", highlight_id: Some(65), repeat: Some(99) }] }
TRACE [neovide::channel_utils] neovim_handler GridLine { grid: 2, row: 45, column_start: 0, cells: [GridLineCell { text: " ", highlight_id: Some(65), repeat: None }, GridLineCell { text: " ", highlight_id: Some(65), repeat: Some(99) }] }
TRACE [neovide::channel_utils] neovim_handler GridLine { grid: 2, row: 46, column_start: 0, cells: [GridLineCell { text: " ", highlight_id: Some(65), repeat: None }, GridLineCell { text: " ", highlight_id: Some(65), repeat: Some(99) }] }
TRACE [neovide::channel_utils] neovim_handler GridLine { grid: 2, row: 47, column_start: 0, cells: [GridLineCell { text: " ", highlight_id: Some(65), repeat: None }, GridLineCell { text: " ", highlight_id: Some(65), repeat: Some(99) }] }
TRACE [neovide::channel_utils] neovim_handler GridLine { grid: 2, row: 48, column_start: 0, cells: [GridLineCell { text: " ", highlight_id: Some(65), repeat: None }, GridLineCell { text: " ", highlight_id: Some(65), repeat: Some(99) }] }
TRACE [neovide::channel_utils] neovim_handler GridLine { grid: 1, row: 49, column_start: 0, cells: [GridLineCell { text: " ", highlight_id: Some(183), repeat: Some(100) }, GridLineCell { text: " ", highlight_id: Some(0), repeat: Some(0) }] }
TRACE [neovide::channel_utils] neovim_handler SetTitle { title: "/tmp/neovide.log" }
TRACE [neovide::channel_utils] neovim_handler WindowPosition { grid: 2, start_row: 0, start_column: 0, width: 100, height: 49 }
TRACE [neovide::channel_utils] neovim_handler WindowViewport { grid: 2, top_line: 0.0, bottom_line: 2.0, current_line: 0.0, current_column: 0.0, line_count: Some(1.0), scroll_delta: Some(0.0) }
TRACE [neovide::channel_utils] neovim_handler CursorGoto { grid: 2, row: 0, column: 6 }
TRACE [neovide::channel_utils] neovim_handler ModeInfoSet { cursor_modes: [CursorMode { shape: Some(Block), style_id: Some(0), cell_percentage: Some(0.0), blinkwait: Some(0), blinkon: Some(0), blinkoff: Some(0) }, CursorMode { shape: Some(Block), style_id: Some(0), cell_percentage: Some(0.0), blinkwait: Some(0), blinkon: Some(0), blinkoff: Some(0) }, CursorMode { shape: Some(Vertical), style_id: Some(0), cell_percentage: Some(0.25), blinkwait: Some(0), blinkon: Some(0), blinkoff: Some(0) }, CursorMode { shape: Some(Horizontal), style_id: Some(0), cell_percentage: Some(0.2), blinkwait: Some(0), blinkon: Some(0), blinkoff: Some(0) }, CursorMode { shape: Some(Block), style_id: Some(0), cell_percentage: Some(0.0), blinkwait: Some(0), blinkon: Some(0), blinkoff: Some(0) }, CursorMode { shape: Some(Vertical), style_id: Some(0), cell_percentage: Some(0.25), blinkwait: Some(0), blinkon: Some(0), blinkoff: Some(0) }, CursorMode { shape: Some(Horizontal), style_id: Some(0), cell_percentage: Some(0.2), blinkwait: Some(0), blinkon: Some(0), blinkoff: Some(0) }, CursorMode { shape: Some(Horizontal), style_id: Some(0), cell_percentage: Some(0.2), blinkwait: Some(0), blinkon: Some(0), blinkoff: Some(0) }, CursorMode { shape: Some(Vertical), style_id: Some(0), cell_percentage: Some(0.25), blinkwait: Some(0), blinkon: Some(0), blinkoff: Some(0) }, CursorMode { shape: None, style_id: None, cell_percentage: None, blinkwait: None, blinkon: None, blinkoff: None }, CursorMode { shape: None, style_id: None, cell_percentage: None, blinkwait: None, blinkon: None, blinkoff: None }, CursorMode { shape: None, style_id: None, cell_percentage: None, blinkwait: None, blinkon: None, blinkoff: None }, CursorMode { shape: None, style_id: None, cell_percentage: None, blinkwait: None, blinkon: None, blinkoff: None }, CursorMode { shape: None, style_id: None, cell_percentage: None, blinkwait: None, blinkon: None, blinkoff: None }, CursorMode { shape: None, style_id: None, cell_percentage: None, blinkwait: None, blinkon: None, blinkoff: None }, CursorMode { shape: None, style_id: None, cell_percentage: None, blinkwait: None, blinkon: None, blinkoff: None }, CursorMode { shape: Some(Block), style_id: Some(0), cell_percentage: Some(0.0), blinkwait: Some(0), blinkon: Some(0), blinkoff: Some(0) }, CursorMode { shape: Some(Block), style_id: Some(4), cell_percentage: Some(0.0), blinkwait: Some(0), blinkon: Some(500), blinkoff: Some(500) }] }
TRACE [neovide::bridge::handler] Neovim notification: "redraw"
TRACE [neovide::channel_utils] neovim_handler ModeChange { mode: Normal, mode_index: 0 }
TRACE [neovide::channel_utils] neovim_handler MouseOn
TRACE [neovide::channel_utils] neovim_handler Flush
TRACE [neovide::editor] Image flushed
TRACE [neovide::editor] send_batch
TRACE [neovide::renderer::rendered_window] Handling Viewport 2
INFO [neovide::window::window_wrapper] Route ready for initial window creation
TRACE [neovide::bridge::handler] Neovim notification: "redraw"
TRACE [neovide::channel_utils] neovim_handler WindowViewportMargins { grid: 4, top: 0, bottom: 0, left: 0, right: 0 }
TRACE [neovide::channel_utils] neovim_handler WindowViewportMargins { grid: 5, top: 0, bottom: 0, left: 0, right: 0 }
TRACE [neovide::channel_utils] neovim_handler HighlightAttributesDefine { id: 206, style: Style { colors: Colors { foreground: None, background: None, special: None }, reverse: false, italic: false, bold: false, strikethrough: false, blend: 0, underline: None }, name: None }
TRACE [neovide::channel_utils] neovim_handler WindowViewportMargins { grid: 4, top: 0, bottom: 0, left: 0, right: 0 }
TRACE [neovide::channel_utils] neovim_handler WindowViewportMargins { grid: 6, top: 0, bottom: 0, left: 0, right: 0 }
TRACE [neovide::channel_utils] neovim_handler WindowViewportMargins { grid: 4, top: 0, bottom: 0, left: 0, right: 0 }
TRACE [neovide::channel_utils] neovim_handler WindowViewportMargins { grid: 7, top: 1, bottom: 1, left: 1, right: 1 }
TRACE [neovide::channel_utils] neovim_handler WindowViewportMargins { grid: 4, top: 0, bottom: 0, left: 0, right: 0 }
TRACE [neovide::channel_utils] neovim_handler WindowViewportMargins { grid: 8, top: 0, bottom: 0, left: 0, right: 0 }
TRACE [neovide::channel_utils] neovim_handler WindowViewportMargins { grid: 5, top: 0, bottom: 0, left: 0, right: 0 }
TRACE [neovide::channel_utils] neovim_handler GridLine { grid: 1, row: 49, column_start: 0, cells: [GridLineCell { text: " ", highlight_id: Some(184), repeat: None }, GridLineCell { text: "N", highlight_id: None, repeat: None }, GridLineCell { text: "O", highlight_id: None, repeat: None }, GridLineCell { text: "R", highlight_id: None, repeat: None }, GridLineCell { text: "M", highlight_id: None, repeat: None }, GridLineCell { text: "A", highlight_id: None, repeat: None }, GridLineCell { text: "L", highlight_id: None, repeat: None }, GridLineCell { text: " ", highlight_id: None, repeat: None }, GridLineCell { text: "\u{e0b0}", highlight_id: Some(197), repeat: None }, GridLineCell { text: " ", highlight_id: Some(183), repeat: None }, GridLineCell { text: "t", highlight_id: None, repeat: None }, GridLineCell { text: "m", highlight_id: None, repeat: None }, GridLineCell { text: "p", highlight_id: None, repeat: None }, GridLineCell { text: "/", highlight_id: None, repeat: None }, GridLineCell { text: "n", highlight_id: None, repeat: None }, GridLineCell { text: "e", highlight_id: None, repeat: None }, GridLineCell { text: "o", highlight_id: None, repeat: None }, GridLineCell { text: "v", highlight_id: None, repeat: None }, GridLineCell { text: "i", highlight_id: None, repeat: None }, GridLineCell { text: "d", highlight_id: None, repeat: None }, GridLineCell { text: "e", highlight_id: None, repeat: None }, GridLineCell { text: ".", highlight_id: None, repeat: None }, GridLineCell { text: "l", highlight_id: None, repeat: None }, GridLineCell { text: "o", highlight_id: None, repeat: None }, GridLineCell { text: "g", highlight_id: None, repeat: None }] }
TRACE [neovide::channel_utils] neovim_handler Resize { grid: 8, width: 10000, height: 1 }
TRACE [neovide::channel_utils] neovim_handler GridLine { grid: 8, row: 0, column_start: 0, cells: [GridLineCell { text: " ", highlight_id: Some(66), repeat: Some(10000) }] }
TRACE [neovide::channel_utils] neovim_handler Resize { grid: 7, width: 10002, height: 3 }
TRACE [neovide::channel_utils] neovim_handler GridLine { grid: 7, row: 0, column_start: 0, cells: [GridLineCell { text: "╭", highlight_id: Some(65), repeat: None }, GridLineCell { text: "─", highlight_id: Some(65), repeat: Some(10000) }, GridLineCell { text: "╮", highlight_id: None, repeat: None }] }
TRACE [neovide::channel_utils] neovim_handler GridLine { grid: 7, row: 1, column_start: 0, cells: [GridLineCell { text: "│", highlight_id: Some(65), repeat: None }] }
TRACE [neovide::channel_utils] neovim_handler GridLine { grid: 7, row: 1, column_start: 10001, cells: [GridLineCell { text: "│", highlight_id: Some(65), repeat: None }] }
TRACE [neovide::channel_utils] neovim_handler GridLine { grid: 7, row: 2, column_start: 0, cells: [GridLineCell { text: "╰", highlight_id: Some(65), repeat: None }, GridLineCell { text: "─", highlight_id: Some(65), repeat: Some(10000) }, GridLineCell { text: "╯", highlight_id: None, repeat: None }] }
TRACE [neovide::channel_utils] neovim_handler GridLine { grid: 7, row: 1, column_start: 1, cells: [GridLineCell { text: " ", highlight_id: Some(66), repeat: Some(10000) }] }
TRACE [neovide::channel_utils] neovim_handler Resize { grid: 6, width: 10000, height: 1 }
TRACE [neovide::channel_utils] neovim_handler GridLine { grid: 6, row: 0, column_start: 0, cells: [GridLineCell { text: " ", highlight_id: Some(66), repeat: Some(10000) }] }
TRACE [neovide::channel_utils] neovim_handler Resize { grid: 5, width: 10000, height: 1 }
TRACE [neovide::channel_utils] neovim_handler GridLine { grid: 5, row: 0, column_start: 0, cells: [GridLineCell { text: " ", highlight_id: Some(66), repeat: Some(10000) }] }
TRACE [neovide::channel_utils] neovim_handler WindowViewport { grid: 2, top_line: 0.0, bottom_line: 2.0, current_line: 0.0, current_column: 0.0, line_count: Some(1.0), scroll_delta: Some(0.0) }
TRACE [neovide::channel_utils] neovim_handler WindowHide { grid: 8 }
TRACE [neovide::channel_utils] neovim_handler WindowViewport { grid: 8, top_line: 0.0, bottom_line: 1.0, current_line: 0.0, current_column: 0.0, line_count: Some(1.0), scroll_delta: Some(0.0) }
TRACE [neovide::channel_utils] neovim_handler WindowHide { grid: 7 }
TRACE [neovide::channel_utils] neovim_handler WindowViewport { grid: 7, top_line: 0.0, bottom_line: 1.0, current_line: 0.0, current_column: 0.0, line_count: Some(1.0), scroll_delta: Some(0.0) }
TRACE [neovide::channel_utils] neovim_handler WindowHide { grid: 6 }
TRACE [neovide::channel_utils] neovim_handler WindowViewport { grid: 6, top_line: 0.0, bottom_line: 1.0, current_line: 0.0, current_column: 0.0, line_count: Some(1.0), scroll_delta: Some(0.0) }
TRACE [neovide::channel_utils] neovim_handler WindowHide { grid: 5 }
TRACE [neovide::channel_utils] neovim_handler WindowViewport { grid: 5, top_line: 0.0, bottom_line: 1.0, current_line: 0.0, current_column: 0.0, line_count: Some(1.0), scroll_delta: Some(0.0) }
TRACE [neovide::channel_utils] neovim_handler Flush
TRACE [neovide::editor] Image flushed
TRACE [neovide::editor] send_batch
DEBUG [neovide::renderer::fonts::caching_shaper] scale_factor changed: 1.00
TRACE [neovide::renderer::fonts::font_loader] Loading font FontKey { font_desc: Some(FontDescription { family: "Source Code Pro", style: None }), hinting: Full, edging: AntiAlias }
INFO [neovide::renderer::fonts::caching_shaper] Reset Font Loader: font_size: 18.67px, font_width: 15.55px
TRACE [neovide::renderer::grid_renderer] Updated font dimensions: GridScale { transform: Transform2 { matrix: [(15.54948, 0.0, 0.0), (0.0, 22.0, 0.0), (0.0, 0.0, 1.0)] } }
DEBUG [neovide::renderer::fonts::caching_shaper] scale_factor changed: 1.00
TRACE [neovide::renderer::fonts::font_loader] Loading font FontKey { font_desc: Some(FontDescription { family: "Source Code Pro", style: None }), hinting: Full, edging: AntiAlias }
INFO [neovide::renderer::fonts::caching_shaper] Reset Font Loader: font_size: 18.67px, font_width: 15.55px
TRACE [neovide::renderer::grid_renderer] Updated font dimensions: GridScale { transform: Transform2 { matrix: [(15.54948, 0.0, 0.0), (0.0, 22.0, 0.0), (0.0, 0.0, 1.0)] } }
INFO [neovide::window::window_wrapper] Showing window size: PhysicalSize {
    width: 500,
    height: 500,
}, maximized: false
INFO [neovide::window::window_wrapper] window created (scale_factor: 1.0000, font_dimensions: GridScale { transform: Transform2 { matrix: [(15.54948, 0.0, 0.0), (0.0, 22.0, 0.0), (0.0, 0.0, 1.0)] } })
INFO [neovide::window::window_wrapper] Resizing grid based on window size. Grid Size: Size2 { width: 30, height: 23 }, Window Size PhysicalSize { width: 475, height: 512 }
TRACE [neovide::channel_utils] UICommand Parallel(Resize { width: 30, height: 23 })
TRACE [neovide::renderer::fonts::caching_shaper] Shaping text: "1"
TRACE [neovide::channel_utils] UICommand Parallel(Resize { width: 30, height: 23 })
INFO [neovide::renderer::grid_renderer] blend 0
TRACE [neovide::renderer::rendered_window] region: Box2 { min: Point2 { x: 0.0, y: 0.0 }, max: Point2 { x: 1554.948, y: 1100.0 } }, inner: Rect { left: 0.0, top: 0.0, right: 1554.948, bottom: 1100.0 }, pics: 0
TRACE [neovide::renderer::rendered_window] region: Box2 { min: Point2 { x: 0.0, y: 0.0 }, max: Point2 { x: 1554.948, y: 1078.0 } }, inner: Rect { left: 0.0, top: 0.0, right: 1554.948, bottom: 1078.0 }, pics: 1
TRACE [neovide::renderer::fonts::caching_shaper] Shaping text: " "
TRACE [neovide::bridge::handler] Neovim notification: "redraw"
TRACE [neovide::channel_utils] neovim_handler OptionSet { gui_option: Unknown("ext_cmdline", Boolean(true)) }
TRACE [neovide::channel_utils] neovim_handler OptionSet { gui_option: Unknown("ext_popupmenu", Boolean(false)) }
TRACE [neovide::channel_utils] neovim_handler OptionSet { gui_option: Unknown("ext_tabline", Boolean(false)) }
TRACE [neovide::editor] Option set Unknown("ext_cmdline", Boolean(true))
TRACE [neovide::editor] Option set Unknown("ext_popupmenu", Boolean(false))
TRACE [neovide::channel_utils] neovim_handler OptionSet { gui_option: Unknown("ext_wildmenu", Boolean(false)) }
TRACE [neovide::channel_utils] neovim_handler OptionSet { gui_option: Unknown("ext_messages", Boolean(true)) }
TRACE [neovide::editor] Option set Unknown("ext_tabline", Boolean(false))
TRACE [neovide::channel_utils] neovim_handler DefaultColorsSet { colors: Colors { foreground: Some(Color4f { r: 0.8784314, g: 0.87058824, b: 0.95686275, a: 1.0 }), background: Some(Color4f { r: 0.0, g: 0.0, b: 0.0, a: 1.0 }), special: Some(Color4f { r: 1.0, g: 0.0, b: 0.0, a: 1.0 }) } }
TRACE [neovide::editor] Option set Unknown("ext_wildmenu", Boolean(false))
TRACE [neovide::channel_utils] neovim_handler Resize { grid: 1, width: 30, height: 23 }
TRACE [neovide::editor] Option set Unknown("ext_messages", Boolean(true))
TRACE [neovide::channel_utils] neovim_handler WindowViewportMargins { grid: 2, top: 0, bottom: 0, left: 0, right: 0 }
TRACE [neovide::channel_utils] neovim_handler WindowViewportMargins { grid: 5, top: 0, bottom: 0, left: 0, right: 0 }
TRACE [neovide::channel_utils] neovim_handler WindowViewportMargins { grid: 6, top: 0, bottom: 0, left: 0, right: 0 }
TRACE [neovide::channel_utils] neovim_handler WindowViewportMargins { grid: 7, top: 1, bottom: 1, left: 1, right: 1 }
TRACE [neovide::channel_utils] neovim_handler WindowViewportMargins { grid: 8, top: 0, bottom: 0, left: 0, right: 0 }
TRACE [neovide::channel_utils] neovim_handler WindowViewportMargins { grid: 2, top: 0, bottom: 0, left: 0, right: 0 }
TRACE [neovide::channel_utils] neovim_handler WindowViewportMargins { grid: 5, top: 0, bottom: 0, left: 0, right: 0 }
TRACE [neovide::channel_utils] neovim_handler WindowViewportMargins { grid: 6, top: 0, bottom: 0, left: 0, right: 0 }
TRACE [neovide::channel_utils] neovim_handler WindowViewportMargins { grid: 7, top: 1, bottom: 1, left: 1, right: 1 }
TRACE [neovide::channel_utils] neovim_handler WindowViewportMargins { grid: 8, top: 0, bottom: 0, left: 0, right: 0 }
TRACE [neovide::channel_utils] neovim_handler Clear { grid: 1 }
TRACE [neovide::channel_utils] neovim_handler WindowPosition { grid: 2, start_row: 0, start_column: 0, width: 30, height: 22 }
TRACE [neovide::channel_utils] neovim_handler WindowHide { grid: 8 }
TRACE [neovide::channel_utils] neovim_handler WindowHide { grid: 7 }
TRACE [neovide::channel_utils] neovim_handler WindowHide { grid: 6 }
TRACE [neovide::channel_utils] neovim_handler WindowHide { grid: 5 }
TRACE [neovide::channel_utils] neovim_handler Resize { grid: 2, width: 30, height: 22 }
TRACE [neovide::channel_utils] neovim_handler GridLine { grid: 1, row: 22, column_start: 0, cells: [GridLineCell { text: " ", highlight_id: Some(184), repeat: None }, GridLineCell { text: "N", highlight_id: None, repeat: None }, GridLineCell { text: "O", highlight_id: None, repeat: None }, GridLineCell { text: "R", highlight_id: None, repeat: None }, GridLineCell { text: "M", highlight_id: None, repeat: None }, GridLineCell { text: "A", highlight_id: None, repeat: None }, GridLineCell { text: "L", highlight_id: None, repeat: None }, GridLineCell { text: " ", highlight_id: None, repeat: None }, GridLineCell { text: "\u{e0b0}", highlight_id: Some(197), repeat: None }, GridLineCell { text: " ", highlight_id: Some(183), repeat: None }, GridLineCell { text: "t", highlight_id: None, repeat: None }, GridLineCell { text: "m", highlight_id: None, repeat: None }, GridLineCell { text: "p", highlight_id: None, repeat: None }, GridLineCell { text: "/", highlight_id: None, repeat: None }, GridLineCell { text: "n", highlight_id: None, repeat: None }, GridLineCell { text: "e", highlight_id: None, repeat: None }, GridLineCell { text: "o", highlight_id: None, repeat: None }, GridLineCell { text: "v", highlight_id: None, repeat: None }, GridLineCell { text: "i", highlight_id: None, repeat: None }, GridLineCell { text: "d", highlight_id: None, repeat: None }, GridLineCell { text: "e", highlight_id: None, repeat: None }, GridLineCell { text: ".", highlight_id: None, repeat: None }, GridLineCell { text: "l", highlight_id: None, repeat: None }, GridLineCell { text: "o", highlight_id: None, repeat: None }, GridLineCell { text: "g", highlight_id: None, repeat: None }, GridLineCell { text: " ", highlight_id: Some(183), repeat: Some(5) }, GridLineCell { text: " ", highlight_id: Some(0), repeat: Some(0) }] }
TRACE [neovide::channel_utils] neovim_handler Resize { grid: 8, width: 10000, height: 1 }
TRACE [neovide::channel_utils] neovim_handler GridLine { grid: 8, row: 0, column_start: 0, cells: [GridLineCell { text: " ", highlight_id: Some(66), repeat: Some(10000) }] }
TRACE [neovide::channel_utils] neovim_handler Resize { grid: 7, width: 10002, height: 3 }
TRACE [neovide::channel_utils] neovim_handler GridLine { grid: 7, row: 0, column_start: 0, cells: [GridLineCell { text: "╭", highlight_id: Some(65), repeat: None }, GridLineCell { text: "─", highlight_id: Some(65), repeat: Some(10000) }, GridLineCell { text: "╮", highlight_id: None, repeat: None }] }
TRACE [neovide::channel_utils] neovim_handler GridLine { grid: 7, row: 1, column_start: 0, cells: [GridLineCell { text: "│", highlight_id: Some(65), repeat: None }] }
TRACE [neovide::channel_utils] neovim_handler GridLine { grid: 7, row: 1, column_start: 10001, cells: [GridLineCell { text: "│", highlight_id: Some(65), repeat: None }] }
TRACE [neovide::channel_utils] neovim_handler GridLine { grid: 7, row: 2, column_start: 0, cells: [GridLineCell { text: "╰", highlight_id: Some(65), repeat: None }, GridLineCell { text: "─", highlight_id: Some(65), repeat: Some(10000) }, GridLineCell { text: "╯", highlight_id: None, repeat: None }] }
TRACE [neovide::channel_utils] neovim_handler GridLine { grid: 7, row: 1, column_start: 1, cells: [GridLineCell { text: " ", highlight_id: Some(66), repeat: Some(10000) }] }
TRACE [neovide::channel_utils] neovim_handler Resize { grid: 6, width: 10000, height: 1 }
TRACE [neovide::channel_utils] neovim_handler GridLine { grid: 6, row: 0, column_start: 0, cells: [GridLineCell { text: " ", highlight_id: Some(66), repeat: Some(10000) }] }
TRACE [neovide::channel_utils] neovim_handler Resize { grid: 5, width: 10000, height: 1 }
TRACE [neovide::channel_utils] neovim_handler GridLine { grid: 5, row: 0, column_start: 0, cells: [GridLineCell { text: " ", highlight_id: Some(66), repeat: Some(10000) }] }
TRACE [neovide::channel_utils] neovim_handler WindowViewport { grid: 2, top_line: 0.0, bottom_line: 2.0, current_line: 0.0, current_column: 0.0, line_count: Some(1.0), scroll_delta: Some(0.0) }
TRACE [neovide::channel_utils] neovim_handler WindowViewport { grid: 8, top_line: 0.0, bottom_line: 1.0, current_line: 0.0, current_column: 0.0, line_count: Some(1.0), scroll_delta: Some(0.0) }
TRACE [neovide::channel_utils] neovim_handler WindowViewport { grid: 7, top_line: 0.0, bottom_line: 1.0, current_line: 0.0, current_column: 0.0, line_count: Some(1.0), scroll_delta: Some(0.0) }
TRACE [neovide::channel_utils] neovim_handler WindowViewport { grid: 6, top_line: 0.0, bottom_line: 1.0, current_line: 0.0, current_column: 0.0, line_count: Some(1.0), scroll_delta: Some(0.0) }
TRACE [neovide::channel_utils] neovim_handler WindowViewport { grid: 5, top_line: 0.0, bottom_line: 1.0, current_line: 0.0, current_column: 0.0, line_count: Some(1.0), scroll_delta: Some(0.0) }
TRACE [neovide::channel_utils] neovim_handler CursorGoto { grid: 2, row: 0, column: 6 }
TRACE [neovide::channel_utils] neovim_handler Flush
TRACE [neovide::bridge::handler] Neovim notification: "redraw"
TRACE [neovide::channel_utils] neovim_handler ModeInfoSet { cursor_modes: [CursorMode { shape: Some(Block), style_id: Some(0), cell_percentage: Some(0.0), blinkwait: Some(0), blinkon: Some(0), blinkoff: Some(0) }, CursorMode { shape: Some(Block), style_id: Some(0), cell_percentage: Some(0.0), blinkwait: Some(0), blinkon: Some(0), blinkoff: Some(0) }, CursorMode { shape: Some(Vertical), style_id: Some(0), cell_percentage: Some(0.25), blinkwait: Some(0), blinkon: Some(0), blinkoff: Some(0) }, CursorMode { shape: Some(Horizontal), style_id: Some(0), cell_percentage: Some(0.2), blinkwait: Some(0), blinkon: Some(0), blinkoff: Some(0) }, CursorMode { shape: Some(Block), style_id: Some(0), cell_percentage: Some(0.0), blinkwait: Some(0), blinkon: Some(0), blinkoff: Some(0) }, CursorMode { shape: Some(Vertical), style_id: Some(0), cell_percentage: Some(0.25), blinkwait: Some(0), blinkon: Some(0), blinkoff: Some(0) }, CursorMode { shape: Some(Horizontal), style_id: Some(0), cell_percentage: Some(0.2), blinkwait: Some(0), blinkon: Some(0), blinkoff: Some(0) }, CursorMode { shape: Some(Horizontal), style_id: Some(0), cell_percentage: Some(0.2), blinkwait: Some(0), blinkon: Some(0), blinkoff: Some(0) }, CursorMode { shape: Some(Vertical), style_id: Some(0), cell_percentage: Some(0.25), blinkwait: Some(0), blinkon: Some(0), blinkoff: Some(0) }, CursorMode { shape: None, style_id: None, cell_percentage: None, blinkwait: None, blinkon: None, blinkoff: None }, CursorMode { shape: None, style_id: None, cell_percentage: None, blinkwait: None, blinkon: None, blinkoff: None }, CursorMode { shape: None, style_id: None, cell_percentage: None, blinkwait: None, blinkon: None, blinkoff: None }, CursorMode { shape: None, style_id: None, cell_percentage: None, blinkwait: None, blinkon: None, blinkoff: None }, CursorMode { shape: None, style_id: None, cell_percentage: None, blinkwait: None, blinkon: None, blinkoff: None }, CursorMode { shape: None, style_id: None, cell_percentage: None, blinkwait: None, blinkon: None, blinkoff: None }, CursorMode { shape: None, style_id: None, cell_percentage: None, blinkwait: None, blinkon: None, blinkoff: None }, CursorMode { shape: Some(Block), style_id: Some(0), cell_percentage: Some(0.0), blinkwait: Some(0), blinkon: Some(0), blinkoff: Some(0) }, CursorMode { shape: Some(Block), style_id: Some(4), cell_percentage: Some(0.0), blinkwait: Some(0), blinkon: Some(500), blinkoff: Some(500) }] }
TRACE [neovide::channel_utils] neovim_handler ModeChange { mode: Normal, mode_index: 0 }
TRACE [neovide::channel_utils] neovim_handler MouseOn
TRACE [neovide::channel_utils] neovim_handler Flush
TRACE [neovide::bridge::handler] Neovim notification: "redraw"
TRACE [neovide::channel_utils] neovim_handler GridLine { grid: 1, row: 22, column_start: 11, cells: [GridLineCell { text: "/", highlight_id: Some(183), repeat: None }, GridLineCell { text: "n", highlight_id: None, repeat: None }, GridLineCell { text: "e", highlight_id: None, repeat: None }, GridLineCell { text: "o", highlight_id: None, repeat: None }, GridLineCell { text: "v", highlight_id: None, repeat: None }, GridLineCell { text: "i", highlight_id: None, repeat: None }, GridLineCell { text: "d", highlight_id: None, repeat: None }, GridLineCell { text: "e", highlight_id: None, repeat: None }, GridLineCell { text: ".", highlight_id: None, repeat: None }, GridLineCell { text: "l", highlight_id: None, repeat: None }, GridLineCell { text: "o", highlight_id: None, repeat: None }, GridLineCell { text: "g", highlight_id: None, repeat: None }, GridLineCell { text: " ", highlight_id: Some(183), repeat: Some(2) }, GridLineCell { text: " ", highlight_id: Some(0), repeat: Some(0) }] }
TRACE [neovide::channel_utils] neovim_handler WindowViewport { grid: 2, top_line: 0.0, bottom_line: 2.0, current_line: 0.0, current_column: 0.0, line_count: Some(1.0), scroll_delta: Some(0.0) }
TRACE [neovide::channel_utils] neovim_handler Flush
TRACE [neovide::editor] Image flushed
TRACE [neovide::editor] send_batch
TRACE [neovide::editor] Image flushed
TRACE [neovide::editor] send_batch
TRACE [neovide::editor] Image flushed
TRACE [neovide::editor] send_batch
TRACE [neovide::renderer::rendered_window] Handling Viewport 2
TRACE [neovide::renderer::rendered_window] Handling Viewport 8
TRACE [neovide::renderer::rendered_window] Handling Viewport 7
TRACE [neovide::renderer::rendered_window] Handling Viewport 6
TRACE [neovide::renderer::rendered_window] Handling Viewport 5
TRACE [neovide::renderer::fonts::caching_shaper] Shaping text: "NORMAL"
TRACE [neovide::renderer::fonts::font_loader] Loading font FontKey { font_desc: Some(FontDescription { family: "Source Code Pro", style: Some("Bold") }), hinting: Full, edging: AntiAlias }
TRACE [neovide::renderer::fonts::caching_shaper] Shaping text: "tmp/neovide.log"
DEBUG [neovide::renderer::fonts::caching_shaper] scale_factor changed: 1.00
TRACE [neovide::renderer::fonts::font_loader] Loading font FontKey { font_desc: Some(FontDescription { family: "Source Code Pro", style: None }), hinting: Full, edging: AntiAlias }
INFO [neovide::renderer::fonts::caching_shaper] Reset Font Loader: font_size: 18.67px, font_width: 15.55px
TRACE [neovide::renderer::grid_renderer] Updated font dimensions: GridScale { transform: Transform2 { matrix: [(15.54948, 0.0, 0.0), (0.0, 22.0, 0.0), (0.0, 0.0, 1.0)] } }
TRACE [neovide::channel_utils] UICommand Parallel(FocusGained)
TRACE [neovide::window::keyboard_manager] Modifiers { state: ModifiersState(0x0), pressed_mods: ModifiersKeys(0x0) }
INFO [neovide::window::window_wrapper] Ime enabled
INFO [neovide::renderer::grid_renderer] blend 0
TRACE [neovide::channel_utils] UICommand Parallel(FocusGained)
TRACE [neovide::renderer::rendered_window] region: Box2 { min: Point2 { x: 0.0, y: 0.0 }, max: Point2 { x: 1554.948, y: 1100.0 } }, inner: Rect { left: 0.0, top: 0.0, right: 1554.948, bottom: 1100.0 }, pics: 1
TRACE [neovide::renderer::rendered_window] region: Box2 { min: Point2 { x: 0.0, y: 0.0 }, max: Point2 { x: 1554.948, y: 1078.0 } }, inner: Rect { left: 0.0, top: 0.0, right: 1554.948, bottom: 1078.0 }, pics: 1
TRACE [neovide::renderer::fonts::caching_shaper] Shaping text: " "
TRACE [neovide::renderer::rendered_window] Handling Viewport 2
TRACE [neovide::renderer::rendered_window] Handling Viewport 8
TRACE [neovide::renderer::rendered_window] Handling Viewport 7
TRACE [neovide::renderer::rendered_window] Handling Viewport 6
TRACE [neovide::renderer::rendered_window] Handling Viewport 5
TRACE [neovide::renderer::rendered_window] Handling Viewport 2
INFO [neovide::window::window_wrapper] Resizing grid based on window size. Grid Size: Size2 { width: 29, height: 22 }, Window Size PhysicalSize { width: 461, height: 503 }
TRACE [neovide::channel_utils] UICommand Parallel(Resize { width: 29, height: 22 })
TRACE [neovide::channel_utils] UICommand Parallel(Resize { width: 29, height: 22 })
TRACE [neovide::renderer::fonts::caching_shaper] Shaping text: "1"
TRACE [neovide::bridge::handler] Neovim notification: "redraw"
TRACE [neovide::channel_utils] neovim_handler OptionSet { gui_option: Unknown("ext_cmdline", Boolean(true)) }
TRACE [neovide::channel_utils] neovim_handler OptionSet { gui_option: Unknown("ext_popupmenu", Boolean(false)) }
TRACE [neovide::editor] Option set Unknown("ext_cmdline", Boolean(true))
TRACE [neovide::editor] Option set Unknown("ext_popupmenu", Boolean(false))
TRACE [neovide::channel_utils] neovim_handler OptionSet { gui_option: Unknown("ext_tabline", Boolean(false)) }
TRACE [neovide::channel_utils] neovim_handler OptionSet { gui_option: Unknown("ext_wildmenu", Boolean(false)) }
TRACE [neovide::editor] Option set Unknown("ext_tabline", Boolean(false))
TRACE [neovide::channel_utils] neovim_handler OptionSet { gui_option: Unknown("ext_messages", Boolean(true)) }
TRACE [neovide::editor] Option set Unknown("ext_wildmenu", Boolean(false))
TRACE [neovide::editor] Option set Unknown("ext_messages", Boolean(true))
TRACE [neovide::channel_utils] neovim_handler DefaultColorsSet { colors: Colors { foreground: Some(Color4f { r: 0.8784314, g: 0.87058824, b: 0.95686275, a: 1.0 }), background: Some(Color4f { r: 0.0, g: 0.0, b: 0.0, a: 1.0 }), special: Some(Color4f { r: 1.0, g: 0.0, b: 0.0, a: 1.0 }) } }
TRACE [neovide::channel_utils] neovim_handler Resize { grid: 1, width: 29, height: 22 }
TRACE [neovide::channel_utils] neovim_handler WindowViewportMargins { grid: 2, top: 0, bottom: 0, left: 0, right: 0 }
TRACE [neovide::channel_utils] neovim_handler WindowViewportMargins { grid: 5, top: 0, bottom: 0, left: 0, right: 0 }
TRACE [neovide::channel_utils] neovim_handler WindowViewportMargins { grid: 6, top: 0, bottom: 0, left: 0, right: 0 }
TRACE [neovide::channel_utils] neovim_handler WindowViewportMargins { grid: 7, top: 1, bottom: 1, left: 1, right: 1 }
TRACE [neovide::channel_utils] neovim_handler WindowViewportMargins { grid: 8, top: 0, bottom: 0, left: 0, right: 0 }
TRACE [neovide::channel_utils] neovim_handler WindowViewportMargins { grid: 2, top: 0, bottom: 0, left: 0, right: 0 }
TRACE [neovide::channel_utils] neovim_handler WindowViewportMargins { grid: 5, top: 0, bottom: 0, left: 0, right: 0 }
TRACE [neovide::channel_utils] neovim_handler WindowViewportMargins { grid: 6, top: 0, bottom: 0, left: 0, right: 0 }
TRACE [neovide::channel_utils] neovim_handler WindowViewportMargins { grid: 7, top: 1, bottom: 1, left: 1, right: 1 }
TRACE [neovide::channel_utils] neovim_handler WindowViewportMargins { grid: 8, top: 0, bottom: 0, left: 0, right: 0 }
TRACE [neovide::channel_utils] neovim_handler Clear { grid: 1 }
TRACE [neovide::channel_utils] neovim_handler WindowPosition { grid: 2, start_row: 0, start_column: 0, width: 29, height: 21 }
TRACE [neovide::channel_utils] neovim_handler WindowHide { grid: 8 }
TRACE [neovide::channel_utils] neovim_handler WindowHide { grid: 7 }
TRACE [neovide::channel_utils] neovim_handler WindowHide { grid: 6 }
TRACE [neovide::channel_utils] neovim_handler WindowHide { grid: 5 }
TRACE [neovide::channel_utils] neovim_handler Resize { grid: 2, width: 29, height: 21 }
TRACE [neovide::channel_utils] neovim_handler GridLine { grid: 1, row: 21, column_start: 0, cells: [GridLineCell { text: " ", highlight_id: Some(184), repeat: None }, GridLineCell { text: "N", highlight_id: None, repeat: None }, GridLineCell { text: "O", highlight_id: None, repeat: None }, GridLineCell { text: "R", highlight_id: None, repeat: None }, GridLineCell { text: "M", highlight_id: None, repeat: None }, GridLineCell { text: "A", highlight_id: None, repeat: None }, GridLineCell { text: "L", highlight_id: None, repeat: None }, GridLineCell { text: " ", highlight_id: None, repeat: None }, GridLineCell { text: "\u{e0b0}", highlight_id: Some(197), repeat: None }, GridLineCell { text: " ", highlight_id: Some(183), repeat: None }, GridLineCell { text: "t", highlight_id: None, repeat: None }, GridLineCell { text: "/", highlight_id: None, repeat: None }, GridLineCell { text: "n", highlight_id: None, repeat: None }, GridLineCell { text: "e", highlight_id: None, repeat: None }, GridLineCell { text: "o", highlight_id: None, repeat: None }, GridLineCell { text: "v", highlight_id: None, repeat: None }, GridLineCell { text: "i", highlight_id: None, repeat: None }, GridLineCell { text: "d", highlight_id: None, repeat: None }, GridLineCell { text: "e", highlight_id: None, repeat: None }, GridLineCell { text: ".", highlight_id: None, repeat: None }, GridLineCell { text: "l", highlight_id: None, repeat: None }, GridLineCell { text: "o", highlight_id: None, repeat: None }, GridLineCell { text: "g", highlight_id: None, repeat: None }, GridLineCell { text: " ", highlight_id: Some(183), repeat: Some(6) }, GridLineCell { text: " ", highlight_id: Some(0), repeat: Some(0) }] }
TRACE [neovide::channel_utils] neovim_handler Resize { grid: 8, width: 10000, height: 1 }
TRACE [neovide::channel_utils] neovim_handler GridLine { grid: 8, row: 0, column_start: 0, cells: [GridLineCell { text: " ", highlight_id: Some(66), repeat: Some(10000) }] }
TRACE [neovide::channel_utils] neovim_handler Resize { grid: 7, width: 10002, height: 3 }
TRACE [neovide::channel_utils] neovim_handler GridLine { grid: 7, row: 0, column_start: 0, cells: [GridLineCell { text: "╭", highlight_id: Some(65), repeat: None }, GridLineCell { text: "─", highlight_id: Some(65), repeat: Some(10000) }, GridLineCell { text: "╮", highlight_id: None, repeat: None }] }
TRACE [neovide::channel_utils] neovim_handler GridLine { grid: 7, row: 1, column_start: 0, cells: [GridLineCell { text: "│", highlight_id: Some(65), repeat: None }] }
TRACE [neovide::channel_utils] neovim_handler GridLine { grid: 7, row: 1, column_start: 10001, cells: [GridLineCell { text: "│", highlight_id: Some(65), repeat: None }] }
TRACE [neovide::channel_utils] neovim_handler GridLine { grid: 7, row: 2, column_start: 0, cells: [GridLineCell { text: "╰", highlight_id: Some(65), repeat: None }, GridLineCell { text: "─", highlight_id: Some(65), repeat: Some(10000) }, GridLineCell { text: "╯", highlight_id: None, repeat: None }] }
TRACE [neovide::channel_utils] neovim_handler GridLine { grid: 7, row: 1, column_start: 1, cells: [GridLineCell { text: " ", highlight_id: Some(66), repeat: Some(10000) }] }
TRACE [neovide::channel_utils] neovim_handler Resize { grid: 6, width: 10000, height: 1 }
TRACE [neovide::channel_utils] neovim_handler GridLine { grid: 6, row: 0, column_start: 0, cells: [GridLineCell { text: " ", highlight_id: Some(66), repeat: Some(10000) }] }
TRACE [neovide::channel_utils] neovim_handler Resize { grid: 5, width: 10000, height: 1 }
TRACE [neovide::channel_utils] neovim_handler GridLine { grid: 5, row: 0, column_start: 0, cells: [GridLineCell { text: " ", highlight_id: Some(66), repeat: Some(10000) }] }
TRACE [neovide::channel_utils] neovim_handler WindowViewport { grid: 2, top_line: 0.0, bottom_line: 2.0, current_line: 0.0, current_column: 0.0, line_count: Some(1.0), scroll_delta: Some(0.0) }
TRACE [neovide::channel_utils] neovim_handler WindowViewport { grid: 8, top_line: 0.0, bottom_line: 1.0, current_line: 0.0, current_column: 0.0, line_count: Some(1.0), scroll_delta: Some(0.0) }
TRACE [neovide::channel_utils] neovim_handler WindowViewport { grid: 7, top_line: 0.0, bottom_line: 1.0, current_line: 0.0, current_column: 0.0, line_count: Some(1.0), scroll_delta: Some(0.0) }
TRACE [neovide::channel_utils] neovim_handler WindowViewport { grid: 6, top_line: 0.0, bottom_line: 1.0, current_line: 0.0, current_column: 0.0, line_count: Some(1.0), scroll_delta: Some(0.0) }
TRACE [neovide::channel_utils] neovim_handler WindowViewport { grid: 5, top_line: 0.0, bottom_line: 1.0, current_line: 0.0, current_column: 0.0, line_count: Some(1.0), scroll_delta: Some(0.0) }
TRACE [neovide::channel_utils] neovim_handler CursorGoto { grid: 2, row: 0, column: 6 }
TRACE [neovide::channel_utils] neovim_handler Flush
TRACE [neovide::bridge::handler] Neovim notification: "redraw"
TRACE [neovide::channel_utils] neovim_handler ModeInfoSet { cursor_modes: [CursorMode { shape: Some(Block), style_id: Some(0), cell_percentage: Some(0.0), blinkwait: Some(0), blinkon: Some(0), blinkoff: Some(0) }, CursorMode { shape: Some(Block), style_id: Some(0), cell_percentage: Some(0.0), blinkwait: Some(0), blinkon: Some(0), blinkoff: Some(0) }, CursorMode { shape: Some(Vertical), style_id: Some(0), cell_percentage: Some(0.25), blinkwait: Some(0), blinkon: Some(0), blinkoff: Some(0) }, CursorMode { shape: Some(Horizontal), style_id: Some(0), cell_percentage: Some(0.2), blinkwait: Some(0), blinkon: Some(0), blinkoff: Some(0) }, CursorMode { shape: Some(Block), style_id: Some(0), cell_percentage: Some(0.0), blinkwait: Some(0), blinkon: Some(0), blinkoff: Some(0) }, CursorMode { shape: Some(Vertical), style_id: Some(0), cell_percentage: Some(0.25), blinkwait: Some(0), blinkon: Some(0), blinkoff: Some(0) }, CursorMode { shape: Some(Horizontal), style_id: Some(0), cell_percentage: Some(0.2), blinkwait: Some(0), blinkon: Some(0), blinkoff: Some(0) }, CursorMode { shape: Some(Horizontal), style_id: Some(0), cell_percentage: Some(0.2), blinkwait: Some(0), blinkon: Some(0), blinkoff: Some(0) }, CursorMode { shape: Some(Vertical), style_id: Some(0), cell_percentage: Some(0.25), blinkwait: Some(0), blinkon: Some(0), blinkoff: Some(0) }, CursorMode { shape: None, style_id: None, cell_percentage: None, blinkwait: None, blinkon: None, blinkoff: None }, CursorMode { shape: None, style_id: None, cell_percentage: None, blinkwait: None, blinkon: None, blinkoff: None }, CursorMode { shape: None, style_id: None, cell_percentage: None, blinkwait: None, blinkon: None, blinkoff: None }, CursorMode { shape: None, style_id: None, cell_percentage: None, blinkwait: None, blinkon: None, blinkoff: None }, CursorMode { shape: None, style_id: None, cell_percentage: None, blinkwait: None, blinkon: None, blinkoff: None }, CursorMode { shape: None, style_id: None, cell_percentage: None, blinkwait: None, blinkon: None, blinkoff: None }, CursorMode { shape: None, style_id: None, cell_percentage: None, blinkwait: None, blinkon: None, blinkoff: None }, CursorMode { shape: Some(Block), style_id: Some(0), cell_percentage: Some(0.0), blinkwait: Some(0), blinkon: Some(0), blinkoff: Some(0) }, CursorMode { shape: Some(Block), style_id: Some(4), cell_percentage: Some(0.0), blinkwait: Some(0), blinkon: Some(500), blinkoff: Some(500) }] }
TRACE [neovide::channel_utils] neovim_handler ModeChange { mode: Normal, mode_index: 0 }
TRACE [neovide::channel_utils] neovim_handler MouseOn
TRACE [neovide::channel_utils] neovim_handler Flush
TRACE [neovide::editor] Image flushed
TRACE [neovide::editor] send_batch
TRACE [neovide::editor] Image flushed
TRACE [neovide::editor] send_batch
TRACE [neovide::renderer::fonts::caching_shaper] Shaping text: "NORMAL"
TRACE [neovide::renderer::fonts::font_loader] Loading font FontKey { font_desc: Some(FontDescription { family: "Source Code Pro", style: Some("Bold") }), hinting: Full, edging: AntiAlias }
TRACE [neovide::renderer::fonts::caching_shaper] Shaping text: "t/neovide.log"
TRACE [neovide::window::keyboard_manager] Modifiers { state: ModifiersState(0x0), pressed_mods: ModifiersKeys(0x0) }
INFO [neovide::renderer::grid_renderer] blend 0
TRACE [neovide::renderer::rendered_window] region: Box2 { min: Point2 { x: 0.0, y: 0.0 }, max: Point2 { x: 466.4844, y: 506.0 } }, inner: Rect { left: 0.0, top: 0.0, right: 466.4844, bottom: 506.0 }, pics: 1
TRACE [neovide::renderer::rendered_window] region: Box2 { min: Point2 { x: 0.0, y: 0.0 }, max: Point2 { x: 466.4844, y: 484.0 } }, inner: Rect { left: 0.0, top: 0.0, right: 466.4844, bottom: 484.0 }, pics: 1
TRACE [neovide::renderer::rendered_window] Handling Viewport 2
TRACE [neovide::renderer::rendered_window] Handling Viewport 8
TRACE [neovide::renderer::rendered_window] Handling Viewport 7
TRACE [neovide::renderer::rendered_window] Handling Viewport 6
TRACE [neovide::renderer::rendered_window] Handling Viewport 5
INFO [neovide::renderer::grid_renderer] blend 0
TRACE [neovide::renderer::rendered_window] region: Box2 { min: Point2 { x: 0.0, y: 0.0 }, max: Point2 { x: 461.0, y: 484.0 } }, inner: Rect { left: 0.0, top: 0.0, right: 461.0, bottom: 484.0 }, pics: 1
TRACE [neovide::renderer::rendered_window] region: Box2 { min: Point2 { x: 0.0, y: 0.0 }, max: Point2 { x: 461.0, y: 462.0 } }, inner: Rect { left: 0.0, top: 0.0, right: 461.0, bottom: 462.0 }, pics: 1
INFO [neovide::renderer::grid_renderer] blend 0
TRACE [neovide::renderer::rendered_window] region: Box2 { min: Point2 { x: 0.0, y: 0.0 }, max: Point2 { x: 461.0, y: 484.0 } }, inner: Rect { left: 0.0, top: 0.0, right: 461.0, bottom: 484.0 }, pics: 1
TRACE [neovide::renderer::rendered_window] region: Box2 { min: Point2 { x: 0.0, y: 0.0 }, max: Point2 { x: 461.0, y: 462.0 } }, inner: Rect { left: 0.0, top: 0.0, right: 461.0, bottom: 462.0 }, pics: 1
INFO [neovide::renderer::grid_renderer] blend 0
TRACE [neovide::renderer::rendered_window] region: Box2 { min: Point2 { x: 0.0, y: 0.0 }, max: Point2 { x: 461.0, y: 484.0 } }, inner: Rect { left: 0.0, top: 0.0, right: 461.0, bottom: 484.0 }, pics: 1
TRACE [neovide::renderer::rendered_window] region: Box2 { min: Point2 { x: 0.0, y: 0.0 }, max: Point2 { x: 461.0, y: 462.0 } }, inner: Rect { left: 0.0, top: 0.0, right: 461.0, bottom: 462.0 }, pics: 1
INFO [neovide::renderer::grid_renderer] blend 0
TRACE [neovide::renderer::rendered_window] region: Box2 { min: Point2 { x: 0.0, y: 0.0 }, max: Point2 { x: 461.0, y: 484.0 } }, inner: Rect { left: 0.0, top: 0.0, right: 461.0, bottom: 484.0 }, pics: 1
TRACE [neovide::renderer::rendered_window] region: Box2 { min: Point2 { x: 0.0, y: 0.0 }, max: Point2 { x: 461.0, y: 462.0 } }, inner: Rect { left: 0.0, top: 0.0, right: 461.0, bottom: 462.0 }, pics: 1
INFO [neovide::renderer::grid_renderer] blend 0
TRACE [neovide::renderer::rendered_window] region: Box2 { min: Point2 { x: 0.0, y: 0.0 }, max: Point2 { x: 461.0, y: 484.0 } }, inner: Rect { left: 0.0, top: 0.0, right: 461.0, bottom: 484.0 }, pics: 1
TRACE [neovide::renderer::rendered_window] region: Box2 { min: Point2 { x: 0.0, y: 0.0 }, max: Point2 { x: 461.0, y: 462.0 } }, inner: Rect { left: 0.0, top: 0.0, right: 461.0, bottom: 462.0 }, pics: 1
INFO [neovide::renderer::grid_renderer] blend 0
TRACE [neovide::renderer::rendered_window] region: Box2 { min: Point2 { x: 0.0, y: 0.0 }, max: Point2 { x: 461.0, y: 484.0 } }, inner: Rect { left: 0.0, top: 0.0, right: 461.0, bottom: 484.0 }, pics: 1
TRACE [neovide::renderer::rendered_window] region: Box2 { min: Point2 { x: 0.0, y: 0.0 }, max: Point2 { x: 461.0, y: 462.0 } }, inner: Rect { left: 0.0, top: 0.0, right: 461.0, bottom: 462.0 }, pics: 1
INFO [neovide::renderer::grid_renderer] blend 0
TRACE [neovide::renderer::rendered_window] region: Box2 { min: Point2 { x: 0.0, y: 0.0 }, max: Point2 { x: 461.0, y: 484.0 } }, inner: Rect { left: 0.0, top: 0.0, right: 461.0, bottom: 484.0 }, pics: 1
TRACE [neovide::renderer::rendered_window] region: Box2 { min: Point2 { x: 0.0, y: 0.0 }, max: Point2 { x: 461.0, y: 462.0 } }, inner: Rect { left: 0.0, top: 0.0, right: 461.0, bottom: 462.0 }, pics: 1
INFO [neovide::renderer::grid_renderer] blend 0
TRACE [neovide::renderer::rendered_window] region: Box2 { min: Point2 { x: 0.0, y: 0.0 }, max: Point2 { x: 461.0, y: 484.0 } }, inner: Rect { left: 0.0, top: 0.0, right: 461.0, bottom: 484.0 }, pics: 1
TRACE [neovide::renderer::rendered_window] region: Box2 { min: Point2 { x: 0.0, y: 0.0 }, max: Point2 { x: 461.0, y: 462.0 } }, inner: Rect { left: 0.0, top: 0.0, right: 461.0, bottom: 462.0 }, pics: 1
INFO [neovide::renderer::grid_renderer] blend 0
TRACE [neovide::renderer::rendered_window] region: Box2 { min: Point2 { x: 0.0, y: 0.0 }, max: Point2 { x: 461.0, y: 484.0 } }, inner: Rect { left: 0.0, top: 0.0, right: 461.0, bottom: 484.0 }, pics: 1
TRACE [neovide::renderer::rendered_window] region: Box2 { min: Point2 { x: 0.0, y: 0.0 }, max: Point2 { x: 461.0, y: 462.0 } }, inner: Rect { left: 0.0, top: 0.0, right: 461.0, bottom: 462.0 }, pics: 1
INFO [neovide::renderer::grid_renderer] blend 0
TRACE [neovide::renderer::rendered_window] region: Box2 { min: Point2 { x: 0.0, y: 0.0 }, max: Point2 { x: 461.0, y: 484.0 } }, inner: Rect { left: 0.0, top: 0.0, right: 461.0, bottom: 484.0 }, pics: 1
TRACE [neovide::renderer::rendered_window] region: Box2 { min: Point2 { x: 0.0, y: 0.0 }, max: Point2 { x: 461.0, y: 462.0 } }, inner: Rect { left: 0.0, top: 0.0, right: 461.0, bottom: 462.0 }, pics: 1
INFO [neovide::renderer::grid_renderer] blend 0
TRACE [neovide::renderer::rendered_window] region: Box2 { min: Point2 { x: 0.0, y: 0.0 }, max: Point2 { x: 461.0, y: 484.0 } }, inner: Rect { left: 0.0, top: 0.0, right: 461.0, bottom: 484.0 }, pics: 1
TRACE [neovide::renderer::rendered_window] region: Box2 { min: Point2 { x: 0.0, y: 0.0 }, max: Point2 { x: 461.0, y: 462.0 } }, inner: Rect { left: 0.0, top: 0.0, right: 461.0, bottom: 462.0 }, pics: 1
INFO [neovide::renderer::grid_renderer] blend 0
TRACE [neovide::renderer::rendered_window] region: Box2 { min: Point2 { x: 0.0, y: 0.0 }, max: Point2 { x: 461.0, y: 484.0 } }, inner: Rect { left: 0.0, top: 0.0, right: 461.0, bottom: 484.0 }, pics: 1
TRACE [neovide::renderer::rendered_window] region: Box2 { min: Point2 { x: 0.0, y: 0.0 }, max: Point2 { x: 461.0, y: 462.0 } }, inner: Rect { left: 0.0, top: 0.0, right: 461.0, bottom: 462.0 }, pics: 1
INFO [neovide::renderer::grid_renderer] blend 0
TRACE [neovide::renderer::rendered_window] region: Box2 { min: Point2 { x: 0.0, y: 0.0 }, max: Point2 { x: 461.0, y: 484.0 } }, inner: Rect { left: 0.0, top: 0.0, right: 461.0, bottom: 484.0 }, pics: 1
TRACE [neovide::renderer::rendered_window] region: Box2 { min: Point2 { x: 0.0, y: 0.0 }, max: Point2 { x: 461.0, y: 462.0 } }, inner: Rect { left: 0.0, top: 0.0, right: 461.0, bottom: 462.0 }, pics: 1
INFO [neovide::renderer::grid_renderer] blend 0
TRACE [neovide::renderer::rendered_window] region: Box2 { min: Point2 { x: 0.0, y: 0.0 }, max: Point2 { x: 461.0, y: 484.0 } }, inner: Rect { left: 0.0, top: 0.0, right: 461.0, bottom: 484.0 }, pics: 1
TRACE [neovide::renderer::rendered_window] region: Box2 { min: Point2 { x: 0.0, y: 0.0 }, max: Point2 { x: 461.0, y: 462.0 } }, inner: Rect { left: 0.0, top: 0.0, right: 461.0, bottom: 462.0 }, pics: 1
INFO [neovide::renderer::grid_renderer] blend 0
TRACE [neovide::renderer::rendered_window] region: Box2 { min: Point2 { x: 0.0, y: 0.0 }, max: Point2 { x: 461.0, y: 484.0 } }, inner: Rect { left: 0.0, top: 0.0, right: 461.0, bottom: 484.0 }, pics: 1
TRACE [neovide::renderer::rendered_window] region: Box2 { min: Point2 { x: 0.0, y: 0.0 }, max: Point2 { x: 461.0, y: 462.0 } }, inner: Rect { left: 0.0, top: 0.0, right: 461.0, bottom: 462.0 }, pics: 1
INFO [neovide::renderer::grid_renderer] blend 0
TRACE [neovide::renderer::rendered_window] region: Box2 { min: Point2 { x: 0.0, y: 0.0 }, max: Point2 { x: 461.0, y: 484.0 } }, inner: Rect { left: 0.0, top: 0.0, right: 461.0, bottom: 484.0 }, pics: 1
TRACE [neovide::renderer::rendered_window] region: Box2 { min: Point2 { x: 0.0, y: 0.0 }, max: Point2 { x: 461.0, y: 462.0 } }, inner: Rect { left: 0.0, top: 0.0, right: 461.0, bottom: 462.0 }, pics: 1
INFO [neovide::renderer::grid_renderer] blend 0
TRACE [neovide::renderer::rendered_window] region: Box2 { min: Point2 { x: 0.0, y: 0.0 }, max: Point2 { x: 461.0, y: 484.0 } }, inner: Rect { left: 0.0, top: 0.0, right: 461.0, bottom: 484.0 }, pics: 1
TRACE [neovide::renderer::rendered_window] region: Box2 { min: Point2 { x: 0.0, y: 0.0 }, max: Point2 { x: 461.0, y: 462.0 } }, inner: Rect { left: 0.0, top: 0.0, right: 461.0, bottom: 462.0 }, pics: 1
TRACE [neovide::window::keyboard_manager] Modifiers { state: ModifiersState(0x0), pressed_mods: ModifiersKeys(0x0) }
TRACE [neovide::window::keyboard_manager] Modifiers { state: ModifiersState(0x0), pressed_mods: ModifiersKeys(0x0) }
TRACE [neovide::channel_utils] UICommand Parallel(FocusLost)
INFO [neovide::window::window_wrapper] Ime disabled
TRACE [neovide::channel_utils] UICommand Parallel(FocusLost)
INFO [neovide::renderer::grid_renderer] blend 0
TRACE [neovide::renderer::rendered_window] region: Box2 { min: Point2 { x: 0.0, y: 0.0 }, max: Point2 { x: 461.0, y: 484.0 } }, inner: Rect { left: 0.0, top: 0.0, right: 461.0, bottom: 484.0 }, pics: 1
TRACE [neovide::renderer::rendered_window] region: Box2 { min: Point2 { x: 0.0, y: 0.0 }, max: Point2 { x: 461.0, y: 462.0 } }, inner: Rect { left: 0.0, top: 0.0, right: 461.0, bottom: 462.0 }, pics: 1
TRACE [neovide::channel_utils] UICommand Parallel(FocusGained)
TRACE [neovide::window::keyboard_manager] Modifiers { state: ModifiersState(0x0), pressed_mods: ModifiersKeys(0x0) }
INFO [neovide::window::window_wrapper] Ime enabled
TRACE [neovide::channel_utils] UICommand Parallel(FocusGained)
INFO [neovide::renderer::grid_renderer] blend 0
TRACE [neovide::renderer::rendered_window] region: Box2 { min: Point2 { x: 0.0, y: 0.0 }, max: Point2 { x: 461.0, y: 484.0 } }, inner: Rect { left: 0.0, top: 0.0, right: 461.0, bottom: 484.0 }, pics: 1
TRACE [neovide::renderer::rendered_window] region: Box2 { min: Point2 { x: 0.0, y: 0.0 }, max: Point2 { x: 461.0, y: 462.0 } }, inner: Rect { left: 0.0, top: 0.0, right: 461.0, bottom: 462.0 }, pics: 1
TRACE [neovide::window::keyboard_manager] Modifiers { state: ModifiersState(0x0), pressed_mods: ModifiersKeys(0x0) }
TRACE [neovide::window::keyboard_manager] Modifiers { state: ModifiersState(0x0), pressed_mods: ModifiersKeys(0x0) }
TRACE [neovide::window::keyboard_manager] KeyEvent {
    physical_key: Code(
        KeyA,
    ),
    logical_key: Character(
        "a",
    ),
    text: Some(
        "a",
    ),
    location: Standard,
    state: Pressed,
    repeat: false,
    platform_specific: KeyEventExtra {
        text_with_all_modifiers: Some(
            "a",
        ),
        key_without_modifiers: Character(
            "a",
        ),
    },
}
TRACE [neovide::window::keyboard_manager] Key pressed a ModifiersState(0x0)
TRACE [neovide::channel_utils] UICommand Serial(Keyboard("a"))
TRACE [neovide::channel_utils] UICommand Serial(Keyboard("a"))
TRACE [neovide::bridge::ui_commands] In Serial Command
TRACE [neovide::bridge::ui_commands] Keyboard Input Sent: a
TRACE [neovide::bridge::handler] Neovim notification: "redraw"
TRACE [neovide::channel_utils] neovim_handler HighlightGroupSet { name: "CursorLineNr", id: 63 }
TRACE [neovide::channel_utils] neovim_handler GridLine { grid: 2, row: 0, column_start: 2, cells: [GridLineCell { text: "1", highlight_id: Some(63), repeat: None }, GridLineCell { text: " ", highlight_id: Some(63), repeat: Some(3) }, GridLineCell { text: " ", highlight_id: Some(0), repeat: Some(0) }] }
TRACE [neovide::channel_utils] neovim_handler WindowViewport { grid: 2, top_line: 0.0, bottom_line: 2.0, current_line: 0.0, current_column: 0.0, line_count: Some(1.0), scroll_delta: Some(0.0) }
TRACE [neovide::channel_utils] neovim_handler WindowViewport { grid: 8, top_line: 0.0, bottom_line: 1.0, current_line: 0.0, current_column: 0.0, line_count: Some(1.0), scroll_delta: Some(0.0) }
TRACE [neovide::channel_utils] neovim_handler WindowViewport { grid: 7, top_line: 0.0, bottom_line: 1.0, current_line: 0.0, current_column: 0.0, line_count: Some(1.0), scroll_delta: Some(0.0) }
TRACE [neovide::channel_utils] neovim_handler WindowViewport { grid: 6, top_line: 0.0, bottom_line: 1.0, current_line: 0.0, current_column: 0.0, line_count: Some(1.0), scroll_delta: Some(0.0) }
TRACE [neovide::channel_utils] neovim_handler WindowViewport { grid: 5, top_line: 0.0, bottom_line: 1.0, current_line: 0.0, current_column: 0.0, line_count: Some(1.0), scroll_delta: Some(0.0) }
TRACE [neovide::channel_utils] neovim_handler ModeChange { mode: Insert, mode_index: 2 }
TRACE [neovide::channel_utils] neovim_handler Flush
TRACE [neovide::editor] Image flushed
TRACE [neovide::editor] send_batch
TRACE [neovide::renderer::rendered_window] Handling Viewport 2
TRACE [neovide::renderer::rendered_window] Handling Viewport 8
TRACE [neovide::renderer::rendered_window] Handling Viewport 7
TRACE [neovide::renderer::rendered_window] Handling Viewport 6
TRACE [neovide::renderer::rendered_window] Handling Viewport 5
INFO [neovide::renderer::grid_renderer] blend 0
TRACE [neovide::renderer::rendered_window] region: Box2 { min: Point2 { x: 0.0, y: 0.0 }, max: Point2 { x: 461.0, y: 484.0 } }, inner: Rect { left: 0.0, top: 0.0, right: 461.0, bottom: 484.0 }, pics: 1
TRACE [neovide::renderer::rendered_window] region: Box2 { min: Point2 { x: 0.0, y: 0.0 }, max: Point2 { x: 461.0, y: 462.0 } }, inner: Rect { left: 0.0, top: 0.0, right: 461.0, bottom: 462.0 }, pics: 1
TRACE [neovide::bridge::handler] Neovim notification: "redraw"
TRACE [neovide::channel_utils] neovim_handler GridLine { grid: 1, row: 21, column_start: 0, cells: [GridLineCell { text: " ", highlight_id: Some(188), repeat: None }, GridLineCell { text: "I", highlight_id: None, repeat: None }, GridLineCell { text: "N", highlight_id: None, repeat: None }, GridLineCell { text: "S", highlight_id: None, repeat: None }, GridLineCell { text: "E", highlight_id: None, repeat: None }, GridLineCell { text: "R", highlight_id: None, repeat: None }, GridLineCell { text: "T", highlight_id: None, repeat: None }, GridLineCell { text: " ", highlight_id: None, repeat: None }, GridLineCell { text: "\u{e0b0}", highlight_id: Some(196), repeat: None }] }
TRACE [neovide::channel_utils] neovim_handler WindowViewport { grid: 2, top_line: 0.0, bottom_line: 2.0, current_line: 0.0, current_column: 0.0, line_count: Some(1.0), scroll_delta: Some(0.0) }
TRACE [neovide::channel_utils] neovim_handler WindowViewport { grid: 8, top_line: 0.0, bottom_line: 1.0, current_line: 0.0, current_column: 0.0, line_count: Some(1.0), scroll_delta: Some(0.0) }
TRACE [neovide::channel_utils] neovim_handler WindowViewport { grid: 7, top_line: 0.0, bottom_line: 1.0, current_line: 0.0, current_column: 0.0, line_count: Some(1.0), scroll_delta: Some(0.0) }
TRACE [neovide::channel_utils] neovim_handler WindowViewport { grid: 6, top_line: 0.0, bottom_line: 1.0, current_line: 0.0, current_column: 0.0, line_count: Some(1.0), scroll_delta: Some(0.0) }
TRACE [neovide::channel_utils] neovim_handler WindowViewport { grid: 5, top_line: 0.0, bottom_line: 1.0, current_line: 0.0, current_column: 0.0, line_count: Some(1.0), scroll_delta: Some(0.0) }
TRACE [neovide::channel_utils] neovim_handler Flush
TRACE [neovide::editor] Image flushed
TRACE [neovide::editor] send_batch
TRACE [neovide::renderer::rendered_window] Handling Viewport 2
TRACE [neovide::renderer::rendered_window] Handling Viewport 8
TRACE [neovide::renderer::rendered_window] Handling Viewport 7
TRACE [neovide::renderer::rendered_window] Handling Viewport 6
TRACE [neovide::renderer::rendered_window] Handling Viewport 5
TRACE [neovide::renderer::fonts::caching_shaper] Shaping text: "INSERT"
INFO [neovide::renderer::grid_renderer] blend 0
TRACE [neovide::renderer::rendered_window] region: Box2 { min: Point2 { x: 0.0, y: 0.0 }, max: Point2 { x: 461.0, y: 484.0 } }, inner: Rect { left: 0.0, top: 0.0, right: 461.0, bottom: 484.0 }, pics: 1
TRACE [neovide::renderer::rendered_window] region: Box2 { min: Point2 { x: 0.0, y: 0.0 }, max: Point2 { x: 461.0, y: 462.0 } }, inner: Rect { left: 0.0, top: 0.0, right: 461.0, bottom: 462.0 }, pics: 1
TRACE [neovide::window::keyboard_manager] KeyEvent {
    physical_key: Code(
        KeyA,
    ),
    logical_key: Character(
        "a",
    ),
    text: Some(
        "a",
    ),
    location: Standard,
    state: Released,
    repeat: false,
    platform_specific: KeyEventExtra {
        text_with_all_modifiers: Some(
            "a",
        ),
        key_without_modifiers: Character(
            "a",
        ),
    },
}
TRACE [neovide::window::keyboard_manager] KeyEvent {
    physical_key: Code(
        KeyA,
    ),
    logical_key: Character(
        "a",
    ),
    text: Some(
        "a",
    ),
    location: Standard,
    state: Pressed,
    repeat: false,
    platform_specific: KeyEventExtra {
        text_with_all_modifiers: Some(
            "a",
        ),
        key_without_modifiers: Character(
            "a",
        ),
    },
}
TRACE [neovide::window::keyboard_manager] Key pressed a ModifiersState(0x0)
TRACE [neovide::channel_utils] UICommand Serial(Keyboard("a"))
TRACE [neovide::channel_utils] UICommand Serial(Keyboard("a"))
TRACE [neovide::bridge::ui_commands] In Serial Command
TRACE [neovide::bridge::ui_commands] Keyboard Input Sent: a
TRACE [neovide::bridge::handler] Neovim notification: "redraw"
TRACE [neovide::channel_utils] neovim_handler GridLine { grid: 2, row: 0, column_start: 6, cells: [GridLineCell { text: "a", highlight_id: Some(87), repeat: None }] }
TRACE [neovide::channel_utils] neovim_handler WindowViewport { grid: 2, top_line: 0.0, bottom_line: 2.0, current_line: 0.0, current_column: 1.0, line_count: Some(1.0), scroll_delta: Some(0.0) }
TRACE [neovide::channel_utils] neovim_handler CursorGoto { grid: 2, row: 0, column: 7 }
TRACE [neovide::channel_utils] neovim_handler Flush
TRACE [neovide::editor] Image flushed
TRACE [neovide::editor] send_batch
TRACE [neovide::renderer::rendered_window] Handling Viewport 2
TRACE [neovide::renderer::fonts::caching_shaper] Shaping text: "a"
INFO [neovide::renderer::grid_renderer] blend 0
TRACE [neovide::renderer::rendered_window] region: Box2 { min: Point2 { x: 0.0, y: 0.0 }, max: Point2 { x: 461.0, y: 484.0 } }, inner: Rect { left: 0.0, top: 0.0, right: 461.0, bottom: 484.0 }, pics: 1
TRACE [neovide::renderer::rendered_window] region: Box2 { min: Point2 { x: 0.0, y: 0.0 }, max: Point2 { x: 461.0, y: 462.0 } }, inner: Rect { left: 0.0, top: 0.0, right: 461.0, bottom: 462.0 }, pics: 1
INFO [neovide::renderer::grid_renderer] blend 0
TRACE [neovide::renderer::rendered_window] region: Box2 { min: Point2 { x: 0.0, y: 0.0 }, max: Point2 { x: 461.0, y: 484.0 } }, inner: Rect { left: 0.0, top: 0.0, right: 461.0, bottom: 484.0 }, pics: 1
TRACE [neovide::renderer::rendered_window] region: Box2 { min: Point2 { x: 0.0, y: 0.0 }, max: Point2 { x: 461.0, y: 462.0 } }, inner: Rect { left: 0.0, top: 0.0, right: 461.0, bottom: 462.0 }, pics: 1
TRACE [neovide::bridge::handler] Neovim notification: "redraw"
TRACE [neovide::channel_utils] neovim_handler WindowViewportMargins { grid: 4, top: 0, bottom: 0, left: 0, right: 0 }
TRACE [neovide::channel_utils] neovim_handler WindowViewportMargins { grid: 4, top: 0, bottom: 0, left: 0, right: 0 }
TRACE [neovide::channel_utils] neovim_handler WindowViewportMargins { grid: 4, top: 0, bottom: 0, left: 0, right: 0 }
TRACE [neovide::channel_utils] neovim_handler WindowViewportMargins { grid: 4, top: 0, bottom: 0, left: 0, right: 0 }
TRACE [neovide::channel_utils] neovim_handler WindowViewportMargins { grid: 9, top: 1, bottom: 1, left: 1, right: 1 }
TRACE [neovide::channel_utils] neovim_handler WindowViewportMargins { grid: 9, top: 1, bottom: 1, left: 1, right: 1 }
TRACE [neovide::channel_utils] neovim_handler WindowViewportMargins { grid: 9, top: 1, bottom: 1, left: 1, right: 1 }
TRACE [neovide::channel_utils] neovim_handler WindowViewportMargins { grid: 9, top: 1, bottom: 1, left: 1, right: 1 }
TRACE [neovide::channel_utils] neovim_handler WindowViewportMargins { grid: 9, top: 1, bottom: 1, left: 1, right: 1 }
TRACE [neovide::channel_utils] neovim_handler GridLine { grid: 1, row: 21, column_start: 24, cells: [GridLineCell { text: "[", highlight_id: Some(183), repeat: None }, GridLineCell { text: "+", highlight_id: None, repeat: None }, GridLineCell { text: "]", highlight_id: None, repeat: None }] }
TRACE [neovide::channel_utils] neovim_handler Resize { grid: 9, width: 24, height: 6 }
TRACE [neovide::channel_utils] neovim_handler GridLine { grid: 9, row: 0, column_start: 0, cells: [GridLineCell { text: "╭", highlight_id: Some(68), repeat: None }, GridLineCell { text: "─", highlight_id: Some(68), repeat: Some(22) }, GridLineCell { text: "╮", highlight_id: None, repeat: None }] }
TRACE [neovide::channel_utils] neovim_handler GridLine { grid: 9, row: 1, column_start: 0, cells: [GridLineCell { text: "│", highlight_id: Some(68), repeat: None }] }
TRACE [neovide::channel_utils] neovim_handler GridLine { grid: 9, row: 1, column_start: 23, cells: [GridLineCell { text: "│", highlight_id: Some(68), repeat: None }] }
TRACE [neovide::channel_utils] neovim_handler GridLine { grid: 9, row: 2, column_start: 0, cells: [GridLineCell { text: "│", highlight_id: Some(68), repeat: None }] }
TRACE [neovide::channel_utils] neovim_handler GridLine { grid: 9, row: 2, column_start: 23, cells: [GridLineCell { text: "│", highlight_id: Some(68), repeat: None }] }
TRACE [neovide::channel_utils] neovim_handler GridLine { grid: 9, row: 3, column_start: 0, cells: [GridLineCell { text: "│", highlight_id: Some(68), repeat: None }] }
TRACE [neovide::channel_utils] neovim_handler GridLine { grid: 9, row: 3, column_start: 23, cells: [GridLineCell { text: "│", highlight_id: Some(68), repeat: None }] }
TRACE [neovide::channel_utils] neovim_handler GridLine { grid: 9, row: 4, column_start: 0, cells: [GridLineCell { text: "│", highlight_id: Some(68), repeat: None }] }
TRACE [neovide::channel_utils] neovim_handler GridLine { grid: 9, row: 4, column_start: 23, cells: [GridLineCell { text: "│", highlight_id: Some(68), repeat: None }] }
TRACE [neovide::channel_utils] neovim_handler GridLine { grid: 9, row: 5, column_start: 0, cells: [GridLineCell { text: "╰", highlight_id: Some(68), repeat: None }, GridLineCell { text: "─", highlight_id: Some(68), repeat: Some(22) }, GridLineCell { text: "╯", highlight_id: None, repeat: None }] }
TRACE [neovide::channel_utils] neovim_handler HighlightAttributesDefine { id: 207, style: Style { colors: Colors { foreground: Some(Color4f { r: 0.92156863, g: 0.7372549, b: 0.7294118, a: 1.0 }), background: Some(Color4f { r: 0.14901961, g: 0.13725491, b: 0.22745098, a: 1.0 }), special: None }, reverse: false, italic: false, bold: false, strikethrough: false, blend: 0, underline: None }, name: None }
TRACE [neovide::channel_utils] neovim_handler GridLine { grid: 9, row: 1, column_start: 1, cells: [GridLineCell { text: " ", highlight_id: Some(88), repeat: None }, GridLineCell { text: "\u{f113d}", highlight_id: None, repeat: None }, GridLineCell { text: " ", highlight_id: None, repeat: None }, GridLineCell { text: "d", highlight_id: None, repeat: None }, GridLineCell { text: "a", highlight_id: None, repeat: None }, GridLineCell { text: "t", highlight_id: None, repeat: None }, GridLineCell { text: "e", highlight_id: None, repeat: None }, GridLineCell { text: "~", highlight_id: None, repeat: None }, GridLineCell { text: " ", highlight_id: Some(88), repeat: Some(6) }, GridLineCell { text: "S", highlight_id: None, repeat: None }, GridLineCell { text: "n", highlight_id: None, repeat: None }, GridLineCell { text: "i", highlight_id: None, repeat: None }, GridLineCell { text: "p", highlight_id: Some(88), repeat: Some(2) }, GridLineCell { text: "e", highlight_id: None, repeat: None }, GridLineCell { text: "t", highlight_id: None, repeat: None }, GridLineCell { text: " ", highlight_id: None, repeat: None }, GridLineCell { text: " ", highlight_id: Some(68), repeat: Some(0) }] }
TRACE [neovide::channel_utils] neovim_handler GridLine { grid: 9, row: 2, column_start: 1, cells: [GridLineCell { text: " ", highlight_id: Some(68), repeat: None }, GridLineCell { text: "\u{f113d}", highlight_id: Some(86), repeat: None }, GridLineCell { text: " ", highlight_id: Some(68), repeat: None }, GridLineCell { text: "d", highlight_id: Some(65), repeat: None }, GridLineCell { text: "a", highlight_id: Some(66), repeat: None }, GridLineCell { text: "t", highlight_id: Some(65), repeat: None }, GridLineCell { text: "e", highlight_id: None, repeat: None }, GridLineCell { text: "D", highlight_id: None, repeat: None }, GridLineCell { text: "M", highlight_id: None, repeat: None }, GridLineCell { text: "Y", highlight_id: None, repeat: None }, GridLineCell { text: "~", highlight_id: None, repeat: None }, GridLineCell { text: " ", highlight_id: Some(68), repeat: Some(3) }, GridLineCell { text: "S", highlight_id: Some(86), repeat: None }, GridLineCell { text: "n", highlight_id: None, repeat: None }, GridLineCell { text: "i", highlight_id: None, repeat: None }, GridLineCell { text: "p", highlight_id: Some(86), repeat: Some(2) }, GridLineCell { text: "e", highlight_id: None, repeat: None }, GridLineCell { text: "t", highlight_id: None, repeat: None }, GridLineCell { text: " ", highlight_id: Some(68), repeat: None }, GridLineCell { text: " ", highlight_id: Some(68), repeat: Some(0) }] }
TRACE [neovide::channel_utils] neovim_handler GridLine { grid: 9, row: 3, column_start: 1, cells: [GridLineCell { text: " ", highlight_id: Some(68), repeat: None }, GridLineCell { text: "\u{f113d}", highlight_id: Some(86), repeat: None }, GridLineCell { text: " ", highlight_id: Some(68), repeat: None }, GridLineCell { text: "d", highlight_id: Some(65), repeat: None }, GridLineCell { text: "a", highlight_id: Some(66), repeat: None }, GridLineCell { text: "t", highlight_id: Some(65), repeat: None }, GridLineCell { text: "e", highlight_id: None, repeat: None }, GridLineCell { text: "M", highlight_id: None, repeat: None }, GridLineCell { text: "D", highlight_id: None, repeat: None }, GridLineCell { text: "Y", highlight_id: None, repeat: None }, GridLineCell { text: "~", highlight_id: None, repeat: None }, GridLineCell { text: " ", highlight_id: Some(68), repeat: Some(3) }, GridLineCell { text: "S", highlight_id: Some(86), repeat: None }, GridLineCell { text: "n", highlight_id: None, repeat: None }, GridLineCell { text: "i", highlight_id: None, repeat: None }, GridLineCell { text: "p", highlight_id: Some(86), repeat: Some(2) }, GridLineCell { text: "e", highlight_id: None, repeat: None }, GridLineCell { text: "t", highlight_id: None, repeat: None }, GridLineCell { text: " ", highlight_id: Some(68), repeat: None }, GridLineCell { text: " ", highlight_id: Some(68), repeat: Some(0) }] }
TRACE [neovide::channel_utils] neovim_handler GridLine { grid: 9, row: 4, column_start: 1, cells: [GridLineCell { text: " ", highlight_id: Some(68), repeat: None }, GridLineCell { text: "\u{f113d}", highlight_id: Some(86), repeat: None }, GridLineCell { text: " ", highlight_id: Some(68), repeat: None }, GridLineCell { text: "d", highlight_id: Some(65), repeat: None }, GridLineCell { text: "a", highlight_id: Some(66), repeat: None }, GridLineCell { text: "t", highlight_id: Some(65), repeat: None }, GridLineCell { text: "e", highlight_id: None, repeat: None }, GridLineCell { text: "t", highlight_id: None, repeat: None }, GridLineCell { text: "i", highlight_id: None, repeat: None }, GridLineCell { text: "m", highlight_id: None, repeat: None }, GridLineCell { text: "e", highlight_id: None, repeat: None }, GridLineCell { text: "~", highlight_id: None, repeat: None }, GridLineCell { text: " ", highlight_id: Some(68), repeat: Some(2) }, GridLineCell { text: "S", highlight_id: Some(86), repeat: None }, GridLineCell { text: "n", highlight_id: None, repeat: None }, GridLineCell { text: "i", highlight_id: None, repeat: None }, GridLineCell { text: "p", highlight_id: Some(86), repeat: Some(2) }, GridLineCell { text: "e", highlight_id: None, repeat: None }, GridLineCell { text: "t", highlight_id: None, repeat: None }, GridLineCell { text: " ", highlight_id: Some(68), repeat: None }, GridLineCell { text: " ", highlight_id: Some(68), repeat: Some(0) }] }
TRACE [neovide::channel_utils] neovim_handler WindowViewport { grid: 2, top_line: 0.0, bottom_line: 2.0, current_line: 0.0, current_column: 1.0, line_count: Some(1.0), scroll_delta: Some(0.0) }
TRACE [neovide::channel_utils] neovim_handler WindowFloatPosition { grid: 9, anchor: NorthWest, anchor_grid: 2, anchor_row: 1.0, anchor_column: 0.0, mouse_enabled: true, z_index: 1001, comp_index: Some(1), screen_row: Some(1), screen_col: Some(0) }
TRACE [neovide::channel_utils] neovim_handler WindowViewport { grid: 9, top_line: 0.0, bottom_line: 4.0, current_line: 0.0, current_column: 0.0, line_count: Some(4.0), scroll_delta: Some(0.0) }
TRACE [neovide::channel_utils] neovim_handler WindowViewport { grid: 8, top_line: 0.0, bottom_line: 1.0, current_line: 0.0, current_column: 0.0, line_count: Some(1.0), scroll_delta: Some(0.0) }
TRACE [neovide::channel_utils] neovim_handler WindowViewport { grid: 7, top_line: 0.0, bottom_line: 1.0, current_line: 0.0, current_column: 0.0, line_count: Some(1.0), scroll_delta: Some(0.0) }
TRACE [neovide::channel_utils] neovim_handler WindowViewport { grid: 6, top_line: 0.0, bottom_line: 1.0, current_line: 0.0, current_column: 0.0, line_count: Some(1.0), scroll_delta: Some(0.0) }
TRACE [neovide::channel_utils] neovim_handler WindowViewport { grid: 5, top_line: 0.0, bottom_line: 1.0, current_line: 0.0, current_column: 0.0, line_count: Some(1.0), scroll_delta: Some(0.0) }
TRACE [neovide::channel_utils] neovim_handler Flush
TRACE [neovide::editor] Image flushed
TRACE [neovide::editor] send_batch
INFO [neovide::renderer::grid_renderer] blend 0
TRACE [neovide::renderer::rendered_window] region: Box2 { min: Point2 { x: 0.0, y: 0.0 }, max: Point2 { x: 461.0, y: 484.0 } }, inner: Rect { left: 0.0, top: 0.0, right: 461.0, bottom: 484.0 }, pics: 1
TRACE [neovide::renderer::rendered_window] region: Box2 { min: Point2 { x: 0.0, y: 0.0 }, max: Point2 { x: 461.0, y: 462.0 } }, inner: Rect { left: 0.0, top: 0.0, right: 461.0, bottom: 462.0 }, pics: 1
TRACE [neovide::renderer::rendered_window] Handling Viewport 2
TRACE [neovide::renderer::rendered_window] Handling Viewport 9
TRACE [neovide::renderer::rendered_window] Handling Viewport 8
TRACE [neovide::renderer::rendered_window] Handling Viewport 7
TRACE [neovide::renderer::rendered_window] Handling Viewport 6
TRACE [neovide::renderer::rendered_window] Handling Viewport 5
TRACE [neovide::renderer::fonts::caching_shaper] Shaping text: "\u{f113d}"
TRACE [neovide::renderer::fonts::font_loader] Loading font FontKey { font_desc: Some(FontDescription { family: "DejaVu Sans Mono", style: None }), hinting: Full, edging: AntiAlias }
TRACE [neovide::renderer::fonts::caching_shaper] Shaping text: "date~"
TRACE [neovide::renderer::fonts::caching_shaper] Shaping text: "Snippet"
TRACE [neovide::renderer::fonts::caching_shaper] Shaping text: "d"
TRACE [neovide::renderer::fonts::caching_shaper] Shaping text: "teDMY~"
TRACE [neovide::renderer::fonts::caching_shaper] Shaping text: "teMDY~"
TRACE [neovide::renderer::fonts::caching_shaper] Shaping text: "tetime~"
TRACE [neovide::renderer::fonts::caching_shaper] Shaping text: "[+]"
TRACE [neovide::window::keyboard_manager] KeyEvent {
    physical_key: Code(
        KeyS,
    ),
    logical_key: Character(
        "s",
    ),
    text: Some(
        "s",
    ),
    location: Standard,
    state: Pressed,
    repeat: false,
    platform_specific: KeyEventExtra {
        text_with_all_modifiers: Some(
            "s",
        ),
        key_without_modifiers: Character(
            "s",
        ),
    },
}
TRACE [neovide::window::keyboard_manager] Key pressed s ModifiersState(0x0)
TRACE [neovide::channel_utils] UICommand Serial(Keyboard("s"))
TRACE [neovide::channel_utils] UICommand Serial(Keyboard("s"))
TRACE [neovide::bridge::ui_commands] In Serial Command
TRACE [neovide::bridge::ui_commands] Keyboard Input Sent: s
INFO [neovide::renderer::grid_renderer] blend 0
DEBUG [neovide::renderer] zindex: 1001, base: 0
DEBUG [neovide::renderer] layer: [(9, SortOrder { z_index: 1001, composition_order: 1 })]
TRACE [neovide::renderer::rendered_window] region: Box2 { min: Point2 { x: 0.0, y: 0.0 }, max: Point2 { x: 461.0, y: 484.0 } }, inner: Rect { left: 0.0, top: 0.0, right: 461.0, bottom: 484.0 }, pics: 1
TRACE [neovide::renderer::rendered_window] region: Box2 { min: Point2 { x: 0.0, y: 0.0 }, max: Point2 { x: 461.0, y: 462.0 } }, inner: Rect { left: 0.0, top: 0.0, right: 461.0, bottom: 462.0 }, pics: 1
TRACE [neovide::bridge::handler] Neovim notification: "redraw"
TRACE [neovide::channel_utils] neovim_handler WindowViewportMargins { grid: 9, top: 1, bottom: 1, left: 1, right: 1 }
TRACE [neovide::channel_utils] neovim_handler WindowViewportMargins { grid: 9, top: 1, bottom: 1, left: 1, right: 1 }
TRACE [neovide::channel_utils] neovim_handler WindowViewportMargins { grid: 9, top: 1, bottom: 1, left: 1, right: 1 }
TRACE [neovide::channel_utils] neovim_handler WindowViewportMargins { grid: 9, top: 1, bottom: 1, left: 1, right: 1 }
TRACE [neovide::channel_utils] neovim_handler WindowFloatPosition { grid: 9, anchor: NorthWest, anchor_grid: 2, anchor_row: 1.0, anchor_column: 0.0, mouse_enabled: true, z_index: 1001, comp_index: Some(1), screen_row: Some(1), screen_col: Some(0) }
TRACE [neovide::channel_utils] neovim_handler GridLine { grid: 2, row: 0, column_start: 7, cells: [GridLineCell { text: "s", highlight_id: Some(87), repeat: None }] }
TRACE [neovide::channel_utils] neovim_handler WindowViewport { grid: 2, top_line: 0.0, bottom_line: 2.0, current_line: 0.0, current_column: 2.0, line_count: Some(1.0), scroll_delta: Some(0.0) }
TRACE [neovide::channel_utils] neovim_handler WindowFloatPosition { grid: 9, anchor: NorthWest, anchor_grid: 2, anchor_row: 1.0, anchor_column: 0.0, mouse_enabled: true, z_index: 1001, comp_index: Some(1), screen_row: Some(1), screen_col: Some(0) }
TRACE [neovide::channel_utils] neovim_handler WindowViewport { grid: 9, top_line: 0.0, bottom_line: 4.0, current_line: 0.0, current_column: 0.0, line_count: Some(4.0), scroll_delta: Some(0.0) }
TRACE [neovide::channel_utils] neovim_handler CursorGoto { grid: 2, row: 0, column: 8 }
TRACE [neovide::channel_utils] neovim_handler Flush
TRACE [neovide::editor] Image flushed
TRACE [neovide::editor] send_batch
TRACE [neovide::renderer::rendered_window] region: Box2 { min: Point2 { x: 0.0, y: 22.0 }, max: Point2 { x: 373.18753, y: 154.0 } }, inner: Rect { left: 0.0, top: 44.0, right: 373.18753, bottom: 132.0 }, pics: 1
TRACE [neovide::bridge::handler] Neovim notification: "redraw"
TRACE [neovide::channel_utils] neovim_handler WindowClose { grid: 9 }
TRACE [neovide::channel_utils] neovim_handler Destroy { grid: 9 }
TRACE [neovide::channel_utils] neovim_handler WindowPosition { grid: 2, start_row: 0, start_column: 0, width: 29, height: 21 }
TRACE [neovide::channel_utils] neovim_handler Flush
TRACE [neovide::editor] Image flushed
TRACE [neovide::editor] send_batch
TRACE [neovide::window::keyboard_manager] KeyEvent {
    physical_key: Code(
        KeyA,
    ),
    logical_key: Character(
        "a",
    ),
    text: Some(
        "a",
    ),
    location: Standard,
    state: Released,
    repeat: false,
    platform_specific: KeyEventExtra {
        text_with_all_modifiers: Some(
            "a",
        ),
        key_without_modifiers: Character(
            "a",
        ),
    },
}
TRACE [neovide::window::keyboard_manager] KeyEvent {
    physical_key: Code(
        KeyD,
    ),
    logical_key: Character(
        "d",
    ),
    text: Some(
        "d",
    ),
    location: Standard,
    state: Pressed,
    repeat: false,
    platform_specific: KeyEventExtra {
        text_with_all_modifiers: Some(
            "d",
        ),
        key_without_modifiers: Character(
            "d",
        ),
    },
}
TRACE [neovide::window::keyboard_manager] Key pressed d ModifiersState(0x0)
TRACE [neovide::channel_utils] UICommand Serial(Keyboard("d"))
TRACE [neovide::window::keyboard_manager] KeyEvent {
    physical_key: Code(
        KeyS,
    ),
    logical_key: Character(
        "s",
    ),
    text: Some(
        "s",
    ),
    location: Standard,
    state: Released,
    repeat: false,
    platform_specific: KeyEventExtra {
        text_with_all_modifiers: Some(
            "s",
        ),
        key_without_modifiers: Character(
            "s",
        ),
    },
}
TRACE [neovide::channel_utils] UICommand Serial(Keyboard("d"))
TRACE [neovide::bridge::ui_commands] In Serial Command
TRACE [neovide::bridge::ui_commands] Keyboard Input Sent: d
INFO [neovide::renderer::grid_renderer] blend 0
DEBUG [neovide::renderer] zindex: 1001, base: 0
DEBUG [neovide::renderer] layer: [(9, SortOrder { z_index: 1001, composition_order: 1 })]
TRACE [neovide::renderer::rendered_window] region: Box2 { min: Point2 { x: 0.0, y: 0.0 }, max: Point2 { x: 461.0, y: 484.0 } }, inner: Rect { left: 0.0, top: 0.0, right: 461.0, bottom: 484.0 }, pics: 1
TRACE [neovide::renderer::rendered_window] region: Box2 { min: Point2 { x: 0.0, y: 0.0 }, max: Point2 { x: 461.0, y: 462.0 } }, inner: Rect { left: 0.0, top: 0.0, right: 461.0, bottom: 462.0 }, pics: 1
TRACE [neovide::renderer::rendered_window] region: Box2 { min: Point2 { x: 0.0, y: 22.0 }, max: Point2 { x: 373.18753, y: 154.0 } }, inner: Rect { left: 0.0, top: 44.0, right: 373.18753, bottom: 132.0 }, pics: 1
TRACE [neovide::renderer::rendered_window] Handling Viewport 2
TRACE [neovide::renderer::rendered_window] Handling Viewport 9
TRACE [neovide::renderer::fonts::caching_shaper] Shaping text: "as"
TRACE [neovide::bridge::handler] Neovim notification: "redraw"
TRACE [neovide::channel_utils] neovim_handler GridLine { grid: 2, row: 0, column_start: 8, cells: [GridLineCell { text: "d", highlight_id: Some(87), repeat: None }] }
TRACE [neovide::channel_utils] neovim_handler WindowViewport { grid: 2, top_line: 0.0, bottom_line: 2.0, current_line: 0.0, current_column: 3.0, line_count: Some(1.0), scroll_delta: Some(0.0) }
TRACE [neovide::channel_utils] neovim_handler CursorGoto { grid: 2, row: 0, column: 9 }
TRACE [neovide::channel_utils] neovim_handler Flush
TRACE [neovide::editor] Image flushed
TRACE [neovide::editor] send_batch
TRACE [neovide::window::keyboard_manager] KeyEvent {
    physical_key: Code(
        KeyA,
    ),
    logical_key: Character(
        "a",
    ),
    text: Some(
        "a",
    ),
    location: Standard,
    state: Pressed,
    repeat: false,
    platform_specific: KeyEventExtra {
        text_with_all_modifiers: Some(
            "a",
        ),
        key_without_modifiers: Character(
            "a",
        ),
    },
}
TRACE [neovide::window::keyboard_manager] Key pressed a ModifiersState(0x0)
TRACE [neovide::channel_utils] UICommand Serial(Keyboard("a"))
TRACE [neovide::channel_utils] UICommand Serial(Keyboard("a"))
TRACE [neovide::bridge::ui_commands] In Serial Command
TRACE [neovide::bridge::ui_commands] Keyboard Input Sent: a
INFO [neovide::renderer::grid_renderer] blend 0
TRACE [neovide::renderer::rendered_window] region: Box2 { min: Point2 { x: 0.0, y: 0.0 }, max: Point2 { x: 461.0, y: 484.0 } }, inner: Rect { left: 0.0, top: 0.0, right: 461.0, bottom: 484.0 }, pics: 1
TRACE [neovide::renderer::rendered_window] region: Box2 { min: Point2 { x: 0.0, y: 0.0 }, max: Point2 { x: 461.0, y: 462.0 } }, inner: Rect { left: 0.0, top: 0.0, right: 461.0, bottom: 462.0 }, pics: 1
TRACE [neovide::renderer::rendered_window] Handling Viewport 2
TRACE [neovide::renderer::fonts::caching_shaper] Shaping text: "asd"
TRACE [neovide::bridge::handler] Neovim notification: "redraw"
TRACE [neovide::channel_utils] neovim_handler GridLine { grid: 2, row: 0, column_start: 9, cells: [GridLineCell { text: "a", highlight_id: Some(87), repeat: None }] }
TRACE [neovide::channel_utils] neovim_handler WindowViewport { grid: 2, top_line: 0.0, bottom_line: 2.0, current_line: 0.0, current_column: 4.0, line_count: Some(1.0), scroll_delta: Some(0.0) }
TRACE [neovide::channel_utils] neovim_handler WindowViewport { grid: 8, top_line: 0.0, bottom_line: 1.0, current_line: 0.0, current_column: 0.0, line_count: Some(1.0), scroll_delta: Some(0.0) }
TRACE [neovide::channel_utils] neovim_handler WindowViewport { grid: 7, top_line: 0.0, bottom_line: 1.0, current_line: 0.0, current_column: 0.0, line_count: Some(1.0), scroll_delta: Some(0.0) }
TRACE [neovide::channel_utils] neovim_handler WindowViewport { grid: 6, top_line: 0.0, bottom_line: 1.0, current_line: 0.0, current_column: 0.0, line_count: Some(1.0), scroll_delta: Some(0.0) }
TRACE [neovide::channel_utils] neovim_handler WindowViewport { grid: 5, top_line: 0.0, bottom_line: 1.0, current_line: 0.0, current_column: 0.0, line_count: Some(1.0), scroll_delta: Some(0.0) }
TRACE [neovide::channel_utils] neovim_handler CursorGoto { grid: 2, row: 0, column: 10 }
TRACE [neovide::channel_utils] neovim_handler Flush
TRACE [neovide::editor] Image flushed
TRACE [neovide::editor] send_batch
INFO [neovide::renderer::grid_renderer] blend 0
TRACE [neovide::renderer::rendered_window] region: Box2 { min: Point2 { x: 0.0, y: 0.0 }, max: Point2 { x: 461.0, y: 484.0 } }, inner: Rect { left: 0.0, top: 0.0, right: 461.0, bottom: 484.0 }, pics: 1
TRACE [neovide::renderer::rendered_window] region: Box2 { min: Point2 { x: 0.0, y: 0.0 }, max: Point2 { x: 461.0, y: 462.0 } }, inner: Rect { left: 0.0, top: 0.0, right: 461.0, bottom: 462.0 }, pics: 1
TRACE [neovide::renderer::rendered_window] Handling Viewport 2
TRACE [neovide::renderer::rendered_window] Handling Viewport 8
TRACE [neovide::renderer::rendered_window] Handling Viewport 7
TRACE [neovide::renderer::rendered_window] Handling Viewport 6
TRACE [neovide::renderer::rendered_window] Handling Viewport 5
TRACE [neovide::renderer::fonts::caching_shaper] Shaping text: "asda"
TRACE [neovide::window::keyboard_manager] KeyEvent {
    physical_key: Code(
        KeyD,
    ),
    logical_key: Character(
        "d",
    ),
    text: Some(
        "d",
    ),
    location: Standard,
    state: Released,
    repeat: false,
    platform_specific: KeyEventExtra {
        text_with_all_modifiers: Some(
            "d",
        ),
        key_without_modifiers: Character(
            "d",
        ),
    },
}
INFO [neovide::renderer::grid_renderer] blend 0
TRACE [neovide::renderer::rendered_window] region: Box2 { min: Point2 { x: 0.0, y: 0.0 }, max: Point2 { x: 461.0, y: 484.0 } }, inner: Rect { left: 0.0, top: 0.0, right: 461.0, bottom: 484.0 }, pics: 1
TRACE [neovide::renderer::rendered_window] region: Box2 { min: Point2 { x: 0.0, y: 0.0 }, max: Point2 { x: 461.0, y: 462.0 } }, inner: Rect { left: 0.0, top: 0.0, right: 461.0, bottom: 462.0 }, pics: 1
INFO [neovide::renderer::grid_renderer] blend 0
TRACE [neovide::renderer::rendered_window] region: Box2 { min: Point2 { x: 0.0, y: 0.0 }, max: Point2 { x: 461.0, y: 484.0 } }, inner: Rect { left: 0.0, top: 0.0, right: 461.0, bottom: 484.0 }, pics: 1
TRACE [neovide::renderer::rendered_window] region: Box2 { min: Point2 { x: 0.0, y: 0.0 }, max: Point2 { x: 461.0, y: 462.0 } }, inner: Rect { left: 0.0, top: 0.0, right: 461.0, bottom: 462.0 }, pics: 1
INFO [neovide::renderer::grid_renderer] blend 0
TRACE [neovide::renderer::rendered_window] region: Box2 { min: Point2 { x: 0.0, y: 0.0 }, max: Point2 { x: 461.0, y: 484.0 } }, inner: Rect { left: 0.0, top: 0.0, right: 461.0, bottom: 484.0 }, pics: 1
TRACE [neovide::renderer::rendered_window] region: Box2 { min: Point2 { x: 0.0, y: 0.0 }, max: Point2 { x: 461.0, y: 462.0 } }, inner: Rect { left: 0.0, top: 0.0, right: 461.0, bottom: 462.0 }, pics: 1
INFO [neovide::renderer::grid_renderer] blend 0
TRACE [neovide::renderer::rendered_window] region: Box2 { min: Point2 { x: 0.0, y: 0.0 }, max: Point2 { x: 461.0, y: 484.0 } }, inner: Rect { left: 0.0, top: 0.0, right: 461.0, bottom: 484.0 }, pics: 1
TRACE [neovide::renderer::rendered_window] region: Box2 { min: Point2 { x: 0.0, y: 0.0 }, max: Point2 { x: 461.0, y: 462.0 } }, inner: Rect { left: 0.0, top: 0.0, right: 461.0, bottom: 462.0 }, pics: 1
TRACE [neovide::window::keyboard_manager] KeyEvent {
    physical_key: Code(
        KeyS,
    ),
    logical_key: Character(
        "s",
    ),
    text: Some(
        "s",
    ),
    location: Standard,
    state: Pressed,
    repeat: false,
    platform_specific: KeyEventExtra {
        text_with_all_modifiers: Some(
            "s",
        ),
        key_without_modifiers: Character(
            "s",
        ),
    },
}
TRACE [neovide::window::keyboard_manager] Key pressed s ModifiersState(0x0)
TRACE [neovide::channel_utils] UICommand Serial(Keyboard("s"))
TRACE [neovide::channel_utils] UICommand Serial(Keyboard("s"))
TRACE [neovide::bridge::ui_commands] In Serial Command
TRACE [neovide::bridge::ui_commands] Keyboard Input Sent: s
INFO [neovide::renderer::grid_renderer] blend 0
TRACE [neovide::renderer::rendered_window] region: Box2 { min: Point2 { x: 0.0, y: 0.0 }, max: Point2 { x: 461.0, y: 484.0 } }, inner: Rect { left: 0.0, top: 0.0, right: 461.0, bottom: 484.0 }, pics: 1
TRACE [neovide::renderer::rendered_window] region: Box2 { min: Point2 { x: 0.0, y: 0.0 }, max: Point2 { x: 461.0, y: 462.0 } }, inner: Rect { left: 0.0, top: 0.0, right: 461.0, bottom: 462.0 }, pics: 1
TRACE [neovide::bridge::handler] Neovim notification: "redraw"
TRACE [neovide::channel_utils] neovim_handler GridLine { grid: 2, row: 0, column_start: 10, cells: [GridLineCell { text: "s", highlight_id: Some(87), repeat: None }] }
TRACE [neovide::channel_utils] neovim_handler WindowViewport { grid: 2, top_line: 0.0, bottom_line: 2.0, current_line: 0.0, current_column: 5.0, line_count: Some(1.0), scroll_delta: Some(0.0) }
TRACE [neovide::channel_utils] neovim_handler CursorGoto { grid: 2, row: 0, column: 11 }
TRACE [neovide::channel_utils] neovim_handler Flush
TRACE [neovide::editor] Image flushed
TRACE [neovide::editor] send_batch
INFO [neovide::renderer::grid_renderer] blend 0
TRACE [neovide::renderer::rendered_window] region: Box2 { min: Point2 { x: 0.0, y: 0.0 }, max: Point2 { x: 461.0, y: 484.0 } }, inner: Rect { left: 0.0, top: 0.0, right: 461.0, bottom: 484.0 }, pics: 1
TRACE [neovide::renderer::rendered_window] region: Box2 { min: Point2 { x: 0.0, y: 0.0 }, max: Point2 { x: 461.0, y: 462.0 } }, inner: Rect { left: 0.0, top: 0.0, right: 461.0, bottom: 462.0 }, pics: 1
TRACE [neovide::renderer::rendered_window] Handling Viewport 2
TRACE [neovide::renderer::fonts::caching_shaper] Shaping text: "asdas"
TRACE [neovide::window::keyboard_manager] KeyEvent {
    physical_key: Code(
        KeyA,
    ),
    logical_key: Character(
        "a",
    ),
    text: Some(
        "a",
    ),
    location: Standard,
    state: Released,
    repeat: false,
    platform_specific: KeyEventExtra {
        text_with_all_modifiers: Some(
            "a",
        ),
        key_without_modifiers: Character(
            "a",
        ),
    },
}
INFO [neovide::renderer::grid_renderer] blend 0
TRACE [neovide::renderer::rendered_window] region: Box2 { min: Point2 { x: 0.0, y: 0.0 }, max: Point2 { x: 461.0, y: 484.0 } }, inner: Rect { left: 0.0, top: 0.0, right: 461.0, bottom: 484.0 }, pics: 1
TRACE [neovide::renderer::rendered_window] region: Box2 { min: Point2 { x: 0.0, y: 0.0 }, max: Point2 { x: 461.0, y: 462.0 } }, inner: Rect { left: 0.0, top: 0.0, right: 461.0, bottom: 462.0 }, pics: 1
TRACE [neovide::window::keyboard_manager] KeyEvent {
    physical_key: Code(
        KeyD,
    ),
    logical_key: Character(
        "d",
    ),
    text: Some(
        "d",
    ),
    location: Standard,
    state: Pressed,
    repeat: false,
    platform_specific: KeyEventExtra {
        text_with_all_modifiers: Some(
            "d",
        ),
        key_without_modifiers: Character(
            "d",
        ),
    },
}
TRACE [neovide::window::keyboard_manager] Key pressed d ModifiersState(0x0)
TRACE [neovide::channel_utils] UICommand Serial(Keyboard("d"))
TRACE [neovide::channel_utils] UICommand Serial(Keyboard("d"))
TRACE [neovide::bridge::ui_commands] In Serial Command
TRACE [neovide::bridge::ui_commands] Keyboard Input Sent: d
TRACE [neovide::bridge::handler] Neovim notification: "redraw"
TRACE [neovide::channel_utils] neovim_handler GridLine { grid: 2, row: 0, column_start: 11, cells: [GridLineCell { text: "d", highlight_id: Some(87), repeat: None }] }
TRACE [neovide::channel_utils] neovim_handler WindowViewport { grid: 2, top_line: 0.0, bottom_line: 2.0, current_line: 0.0, current_column: 6.0, line_count: Some(1.0), scroll_delta: Some(0.0) }
TRACE [neovide::channel_utils] neovim_handler CursorGoto { grid: 2, row: 0, column: 12 }
TRACE [neovide::channel_utils] neovim_handler Flush
TRACE [neovide::editor] Image flushed
TRACE [neovide::editor] send_batch
INFO [neovide::renderer::grid_renderer] blend 0
TRACE [neovide::renderer::rendered_window] region: Box2 { min: Point2 { x: 0.0, y: 0.0 }, max: Point2 { x: 461.0, y: 484.0 } }, inner: Rect { left: 0.0, top: 0.0, right: 461.0, bottom: 484.0 }, pics: 1
TRACE [neovide::renderer::rendered_window] region: Box2 { min: Point2 { x: 0.0, y: 0.0 }, max: Point2 { x: 461.0, y: 462.0 } }, inner: Rect { left: 0.0, top: 0.0, right: 461.0, bottom: 462.0 }, pics: 1
TRACE [neovide::renderer::rendered_window] Handling Viewport 2
TRACE [neovide::renderer::fonts::caching_shaper] Shaping text: "asdasd"
INFO [neovide::renderer::grid_renderer] blend 0
TRACE [neovide::renderer::rendered_window] region: Box2 { min: Point2 { x: 0.0, y: 0.0 }, max: Point2 { x: 461.0, y: 484.0 } }, inner: Rect { left: 0.0, top: 0.0, right: 461.0, bottom: 484.0 }, pics: 1
TRACE [neovide::renderer::rendered_window] region: Box2 { min: Point2 { x: 0.0, y: 0.0 }, max: Point2 { x: 461.0, y: 462.0 } }, inner: Rect { left: 0.0, top: 0.0, right: 461.0, bottom: 462.0 }, pics: 1
TRACE [neovide::window::keyboard_manager] KeyEvent {
    physical_key: Code(
        KeyS,
    ),
    logical_key: Character(
        "s",
    ),
    text: Some(
        "s",
    ),
    location: Standard,
    state: Released,
    repeat: false,
    platform_specific: KeyEventExtra {
        text_with_all_modifiers: Some(
            "s",
        ),
        key_without_modifiers: Character(
            "s",
        ),
    },
}
INFO [neovide::renderer::grid_renderer] blend 0
TRACE [neovide::renderer::rendered_window] region: Box2 { min: Point2 { x: 0.0, y: 0.0 }, max: Point2 { x: 461.0, y: 484.0 } }, inner: Rect { left: 0.0, top: 0.0, right: 461.0, bottom: 484.0 }, pics: 1
TRACE [neovide::renderer::rendered_window] region: Box2 { min: Point2 { x: 0.0, y: 0.0 }, max: Point2 { x: 461.0, y: 462.0 } }, inner: Rect { left: 0.0, top: 0.0, right: 461.0, bottom: 462.0 }, pics: 1
INFO [neovide::renderer::grid_renderer] blend 0
TRACE [neovide::renderer::rendered_window] region: Box2 { min: Point2 { x: 0.0, y: 0.0 }, max: Point2 { x: 461.0, y: 484.0 } }, inner: Rect { left: 0.0, top: 0.0, right: 461.0, bottom: 484.0 }, pics: 1
TRACE [neovide::renderer::rendered_window] region: Box2 { min: Point2 { x: 0.0, y: 0.0 }, max: Point2 { x: 461.0, y: 462.0 } }, inner: Rect { left: 0.0, top: 0.0, right: 461.0, bottom: 462.0 }, pics: 1
INFO [neovide::renderer::grid_renderer] blend 0
TRACE [neovide::renderer::rendered_window] region: Box2 { min: Point2 { x: 0.0, y: 0.0 }, max: Point2 { x: 461.0, y: 484.0 } }, inner: Rect { left: 0.0, top: 0.0, right: 461.0, bottom: 484.0 }, pics: 1
TRACE [neovide::renderer::rendered_window] region: Box2 { min: Point2 { x: 0.0, y: 0.0 }, max: Point2 { x: 461.0, y: 462.0 } }, inner: Rect { left: 0.0, top: 0.0, right: 461.0, bottom: 462.0 }, pics: 1
INFO [neovide::renderer::grid_renderer] blend 0
TRACE [neovide::renderer::rendered_window] region: Box2 { min: Point2 { x: 0.0, y: 0.0 }, max: Point2 { x: 461.0, y: 484.0 } }, inner: Rect { left: 0.0, top: 0.0, right: 461.0, bottom: 484.0 }, pics: 1
TRACE [neovide::renderer::rendered_window] region: Box2 { min: Point2 { x: 0.0, y: 0.0 }, max: Point2 { x: 461.0, y: 462.0 } }, inner: Rect { left: 0.0, top: 0.0, right: 461.0, bottom: 462.0 }, pics: 1
INFO [neovide::renderer::grid_renderer] blend 0
TRACE [neovide::renderer::rendered_window] region: Box2 { min: Point2 { x: 0.0, y: 0.0 }, max: Point2 { x: 461.0, y: 484.0 } }, inner: Rect { left: 0.0, top: 0.0, right: 461.0, bottom: 484.0 }, pics: 1
TRACE [neovide::renderer::rendered_window] region: Box2 { min: Point2 { x: 0.0, y: 0.0 }, max: Point2 { x: 461.0, y: 462.0 } }, inner: Rect { left: 0.0, top: 0.0, right: 461.0, bottom: 462.0 }, pics: 1
TRACE [neovide::window::keyboard_manager] KeyEvent {
    physical_key: Code(
        KeyD,
    ),
    logical_key: Character(
        "d",
    ),
    text: Some(
        "d",
    ),
    location: Standard,
    state: Released,
    repeat: false,
    platform_specific: KeyEventExtra {
        text_with_all_modifiers: Some(
            "d",
        ),
        key_without_modifiers: Character(
            "d",
        ),
    },
}
INFO [neovide::renderer::grid_renderer] blend 0
TRACE [neovide::renderer::rendered_window] region: Box2 { min: Point2 { x: 0.0, y: 0.0 }, max: Point2 { x: 461.0, y: 484.0 } }, inner: Rect { left: 0.0, top: 0.0, right: 461.0, bottom: 484.0 }, pics: 1
TRACE [neovide::renderer::rendered_window] region: Box2 { min: Point2 { x: 0.0, y: 0.0 }, max: Point2 { x: 461.0, y: 462.0 } }, inner: Rect { left: 0.0, top: 0.0, right: 461.0, bottom: 462.0 }, pics: 1
TRACE [neovide::window::keyboard_manager] KeyEvent {
    physical_key: Code(
        KeyA,
    ),
    logical_key: Character(
        "a",
    ),
    text: Some(
        "a",
    ),
    location: Standard,
    state: Pressed,
    repeat: false,
    platform_specific: KeyEventExtra {
        text_with_all_modifiers: Some(
            "a",
        ),
        key_without_modifiers: Character(
            "a",
        ),
    },
}
TRACE [neovide::window::keyboard_manager] Key pressed a ModifiersState(0x0)
TRACE [neovide::channel_utils] UICommand Serial(Keyboard("a"))
TRACE [neovide::channel_utils] UICommand Serial(Keyboard("a"))
TRACE [neovide::bridge::ui_commands] In Serial Command
TRACE [neovide::bridge::ui_commands] Keyboard Input Sent: a
TRACE [neovide::bridge::handler] Neovim notification: "redraw"
TRACE [neovide::channel_utils] neovim_handler GridLine { grid: 2, row: 0, column_start: 12, cells: [GridLineCell { text: "a", highlight_id: Some(87), repeat: None }] }
TRACE [neovide::channel_utils] neovim_handler WindowViewport { grid: 2, top_line: 0.0, bottom_line: 2.0, current_line: 0.0, current_column: 7.0, line_count: Some(1.0), scroll_delta: Some(0.0) }
TRACE [neovide::channel_utils] neovim_handler CursorGoto { grid: 2, row: 0, column: 13 }
TRACE [neovide::channel_utils] neovim_handler Flush
TRACE [neovide::editor] Image flushed
TRACE [neovide::editor] send_batch
TRACE [neovide::renderer::rendered_window] Handling Viewport 2
TRACE [neovide::renderer::fonts::caching_shaper] Shaping text: "asdasda"
INFO [neovide::renderer::grid_renderer] blend 0
TRACE [neovide::renderer::rendered_window] region: Box2 { min: Point2 { x: 0.0, y: 0.0 }, max: Point2 { x: 461.0, y: 484.0 } }, inner: Rect { left: 0.0, top: 0.0, right: 461.0, bottom: 484.0 }, pics: 1
TRACE [neovide::renderer::rendered_window] region: Box2 { min: Point2 { x: 0.0, y: 0.0 }, max: Point2 { x: 461.0, y: 462.0 } }, inner: Rect { left: 0.0, top: 0.0, right: 461.0, bottom: 462.0 }, pics: 1
INFO [neovide::renderer::grid_renderer] blend 0
TRACE [neovide::renderer::rendered_window] region: Box2 { min: Point2 { x: 0.0, y: 0.0 }, max: Point2 { x: 461.0, y: 484.0 } }, inner: Rect { left: 0.0, top: 0.0, right: 461.0, bottom: 484.0 }, pics: 1
TRACE [neovide::renderer::rendered_window] region: Box2 { min: Point2 { x: 0.0, y: 0.0 }, max: Point2 { x: 461.0, y: 462.0 } }, inner: Rect { left: 0.0, top: 0.0, right: 461.0, bottom: 462.0 }, pics: 1
INFO [neovide::renderer::grid_renderer] blend 0
TRACE [neovide::renderer::rendered_window] region: Box2 { min: Point2 { x: 0.0, y: 0.0 }, max: Point2 { x: 461.0, y: 484.0 } }, inner: Rect { left: 0.0, top: 0.0, right: 461.0, bottom: 484.0 }, pics: 1
TRACE [neovide::renderer::rendered_window] region: Box2 { min: Point2 { x: 0.0, y: 0.0 }, max: Point2 { x: 461.0, y: 462.0 } }, inner: Rect { left: 0.0, top: 0.0, right: 461.0, bottom: 462.0 }, pics: 1
INFO [neovide::renderer::grid_renderer] blend 0
TRACE [neovide::renderer::rendered_window] region: Box2 { min: Point2 { x: 0.0, y: 0.0 }, max: Point2 { x: 461.0, y: 484.0 } }, inner: Rect { left: 0.0, top: 0.0, right: 461.0, bottom: 484.0 }, pics: 1
TRACE [neovide::renderer::rendered_window] region: Box2 { min: Point2 { x: 0.0, y: 0.0 }, max: Point2 { x: 461.0, y: 462.0 } }, inner: Rect { left: 0.0, top: 0.0, right: 461.0, bottom: 462.0 }, pics: 1
INFO [neovide::renderer::grid_renderer] blend 0
TRACE [neovide::renderer::rendered_window] region: Box2 { min: Point2 { x: 0.0, y: 0.0 }, max: Point2 { x: 461.0, y: 484.0 } }, inner: Rect { left: 0.0, top: 0.0, right: 461.0, bottom: 484.0 }, pics: 1
TRACE [neovide::renderer::rendered_window] region: Box2 { min: Point2 { x: 0.0, y: 0.0 }, max: Point2 { x: 461.0, y: 462.0 } }, inner: Rect { left: 0.0, top: 0.0, right: 461.0, bottom: 462.0 }, pics: 1
TRACE [neovide::window::keyboard_manager] KeyEvent {
    physical_key: Code(
        KeyA,
    ),
    logical_key: Character(
        "a",
    ),
    text: Some(
        "a",
    ),
    location: Standard,
    state: Released,
    repeat: false,
    platform_specific: KeyEventExtra {
        text_with_all_modifiers: Some(
            "a",
        ),
        key_without_modifiers: Character(
            "a",
        ),
    },
}
INFO [neovide::renderer::grid_renderer] blend 0
TRACE [neovide::renderer::rendered_window] region: Box2 { min: Point2 { x: 0.0, y: 0.0 }, max: Point2 { x: 461.0, y: 484.0 } }, inner: Rect { left: 0.0, top: 0.0, right: 461.0, bottom: 484.0 }, pics: 1
TRACE [neovide::renderer::rendered_window] region: Box2 { min: Point2 { x: 0.0, y: 0.0 }, max: Point2 { x: 461.0, y: 462.0 } }, inner: Rect { left: 0.0, top: 0.0, right: 461.0, bottom: 462.0 }, pics: 1
INFO [neovide::renderer::grid_renderer] blend 0
TRACE [neovide::renderer::rendered_window] region: Box2 { min: Point2 { x: 0.0, y: 0.0 }, max: Point2 { x: 461.0, y: 484.0 } }, inner: Rect { left: 0.0, top: 0.0, right: 461.0, bottom: 484.0 }, pics: 1
TRACE [neovide::renderer::rendered_window] region: Box2 { min: Point2 { x: 0.0, y: 0.0 }, max: Point2 { x: 461.0, y: 462.0 } }, inner: Rect { left: 0.0, top: 0.0, right: 461.0, bottom: 462.0 }, pics: 1
TRACE [neovide::window::keyboard_manager] KeyEvent {
    physical_key: Code(
        KeyJ,
    ),
    logical_key: Character(
        "j",
    ),
    text: Some(
        "j",
    ),
    location: Standard,
    state: Pressed,
    repeat: false,
    platform_specific: KeyEventExtra {
        text_with_all_modifiers: Some(
            "j",
        ),
        key_without_modifiers: Character(
            "j",
        ),
    },
}
TRACE [neovide::window::keyboard_manager] Key pressed j ModifiersState(0x0)
TRACE [neovide::channel_utils] UICommand Serial(Keyboard("j"))
TRACE [neovide::channel_utils] UICommand Serial(Keyboard("j"))
TRACE [neovide::bridge::ui_commands] In Serial Command
TRACE [neovide::bridge::ui_commands] Keyboard Input Sent: j
TRACE [neovide::bridge::handler] Neovim notification: "redraw"
TRACE [neovide::channel_utils] neovim_handler GridLine { grid: 2, row: 0, column_start: 13, cells: [GridLineCell { text: "j", highlight_id: Some(0), repeat: None }] }
TRACE [neovide::channel_utils] neovim_handler Flush
TRACE [neovide::editor] Image flushed
TRACE [neovide::editor] send_batch
TRACE [neovide::renderer::fonts::caching_shaper] Shaping text: "j"
INFO [neovide::renderer::grid_renderer] blend 0
TRACE [neovide::renderer::rendered_window] region: Box2 { min: Point2 { x: 0.0, y: 0.0 }, max: Point2 { x: 461.0, y: 484.0 } }, inner: Rect { left: 0.0, top: 0.0, right: 461.0, bottom: 484.0 }, pics: 1
TRACE [neovide::renderer::rendered_window] region: Box2 { min: Point2 { x: 0.0, y: 0.0 }, max: Point2 { x: 461.0, y: 462.0 } }, inner: Rect { left: 0.0, top: 0.0, right: 461.0, bottom: 462.0 }, pics: 1
TRACE [neovide::window::keyboard_manager] KeyEvent {
    physical_key: Code(
        KeyJ,
    ),
    logical_key: Character(
        "j",
    ),
    text: Some(
        "j",
    ),
    location: Standard,
    state: Released,
    repeat: false,
    platform_specific: KeyEventExtra {
        text_with_all_modifiers: Some(
            "j",
        ),
        key_without_modifiers: Character(
            "j",
        ),
    },
}
TRACE [neovide::window::keyboard_manager] KeyEvent {
    physical_key: Code(
        KeyJ,
    ),
    logical_key: Character(
        "j",
    ),
    text: Some(
        "j",
    ),
    location: Standard,
    state: Pressed,
    repeat: false,
    platform_specific: KeyEventExtra {
        text_with_all_modifiers: Some(
            "j",
        ),
        key_without_modifiers: Character(
            "j",
        ),
    },
}
TRACE [neovide::window::keyboard_manager] Key pressed j ModifiersState(0x0)
TRACE [neovide::channel_utils] UICommand Serial(Keyboard("j"))
TRACE [neovide::channel_utils] UICommand Serial(Keyboard("j"))
TRACE [neovide::bridge::ui_commands] In Serial Command
TRACE [neovide::bridge::ui_commands] Keyboard Input Sent: j
TRACE [neovide::bridge::handler] Neovim notification: "redraw"
TRACE [neovide::channel_utils] neovim_handler GridLine { grid: 2, row: 0, column_start: 13, cells: [GridLineCell { text: " ", highlight_id: Some(87), repeat: None }, GridLineCell { text: " ", highlight_id: Some(0), repeat: Some(0) }] }
TRACE [neovide::channel_utils] neovim_handler HighlightGroupSet { name: "CursorLineNr", id: 86 }
TRACE [neovide::channel_utils] neovim_handler GridLine { grid: 2, row: 0, column_start: 2, cells: [GridLineCell { text: "1", highlight_id: Some(86), repeat: None }, GridLineCell { text: " ", highlight_id: Some(86), repeat: Some(3) }, GridLineCell { text: " ", highlight_id: Some(0), repeat: Some(0) }] }
TRACE [neovide::channel_utils] neovim_handler WindowViewport { grid: 2, top_line: 0.0, bottom_line: 2.0, current_line: 0.0, current_column: 6.0, line_count: Some(1.0), scroll_delta: Some(0.0) }
TRACE [neovide::channel_utils] neovim_handler WindowViewport { grid: 8, top_line: 0.0, bottom_line: 1.0, current_line: 0.0, current_column: 0.0, line_count: Some(1.0), scroll_delta: Some(0.0) }
TRACE [neovide::channel_utils] neovim_handler WindowViewport { grid: 7, top_line: 0.0, bottom_line: 1.0, current_line: 0.0, current_column: 0.0, line_count: Some(1.0), scroll_delta: Some(0.0) }
TRACE [neovide::channel_utils] neovim_handler WindowViewport { grid: 6, top_line: 0.0, bottom_line: 1.0, current_line: 0.0, current_column: 0.0, line_count: Some(1.0), scroll_delta: Some(0.0) }
TRACE [neovide::channel_utils] neovim_handler WindowViewport { grid: 5, top_line: 0.0, bottom_line: 1.0, current_line: 0.0, current_column: 0.0, line_count: Some(1.0), scroll_delta: Some(0.0) }
TRACE [neovide::channel_utils] neovim_handler CursorGoto { grid: 2, row: 0, column: 12 }
TRACE [neovide::channel_utils] neovim_handler ModeChange { mode: Normal, mode_index: 0 }
TRACE [neovide::channel_utils] neovim_handler Flush
TRACE [neovide::editor] Image flushed
TRACE [neovide::editor] send_batch
TRACE [neovide::renderer::rendered_window] Handling Viewport 2
TRACE [neovide::renderer::rendered_window] Handling Viewport 8
TRACE [neovide::renderer::rendered_window] Handling Viewport 7
TRACE [neovide::renderer::rendered_window] Handling Viewport 6
TRACE [neovide::renderer::rendered_window] Handling Viewport 5
INFO [neovide::renderer::grid_renderer] blend 0
TRACE [neovide::renderer::rendered_window] region: Box2 { min: Point2 { x: 0.0, y: 0.0 }, max: Point2 { x: 461.0, y: 484.0 } }, inner: Rect { left: 0.0, top: 0.0, right: 461.0, bottom: 484.0 }, pics: 1
TRACE [neovide::renderer::rendered_window] region: Box2 { min: Point2 { x: 0.0, y: 0.0 }, max: Point2 { x: 461.0, y: 462.0 } }, inner: Rect { left: 0.0, top: 0.0, right: 461.0, bottom: 462.0 }, pics: 1
TRACE [neovide::bridge::handler] Neovim notification: "redraw"
TRACE [neovide::channel_utils] neovim_handler GridLine { grid: 1, row: 21, column_start: 0, cells: [GridLineCell { text: " ", highlight_id: Some(184), repeat: None }, GridLineCell { text: "N", highlight_id: None, repeat: None }, GridLineCell { text: "O", highlight_id: None, repeat: None }, GridLineCell { text: "R", highlight_id: None, repeat: None }, GridLineCell { text: "M", highlight_id: None, repeat: None }, GridLineCell { text: "A", highlight_id: None, repeat: None }, GridLineCell { text: "L", highlight_id: None, repeat: None }, GridLineCell { text: " ", highlight_id: None, repeat: None }, GridLineCell { text: "\u{e0b0}", highlight_id: Some(197), repeat: None }] }
TRACE [neovide::channel_utils] neovim_handler WindowViewport { grid: 2, top_line: 0.0, bottom_line: 2.0, current_line: 0.0, current_column: 6.0, line_count: Some(1.0), scroll_delta: Some(0.0) }
TRACE [neovide::channel_utils] neovim_handler Flush
TRACE [neovide::editor] Image flushed
TRACE [neovide::editor] send_batch
INFO [neovide::renderer::grid_renderer] blend 0
TRACE [neovide::renderer::rendered_window] region: Box2 { min: Point2 { x: 0.0, y: 0.0 }, max: Point2 { x: 461.0, y: 484.0 } }, inner: Rect { left: 0.0, top: 0.0, right: 461.0, bottom: 484.0 }, pics: 1
TRACE [neovide::renderer::rendered_window] region: Box2 { min: Point2 { x: 0.0, y: 0.0 }, max: Point2 { x: 461.0, y: 462.0 } }, inner: Rect { left: 0.0, top: 0.0, right: 461.0, bottom: 462.0 }, pics: 1
TRACE [neovide::renderer::rendered_window] Handling Viewport 2
INFO [neovide::renderer::grid_renderer] blend 0
TRACE [neovide::renderer::rendered_window] region: Box2 { min: Point2 { x: 0.0, y: 0.0 }, max: Point2 { x: 461.0, y: 484.0 } }, inner: Rect { left: 0.0, top: 0.0, right: 461.0, bottom: 484.0 }, pics: 1
TRACE [neovide::renderer::rendered_window] region: Box2 { min: Point2 { x: 0.0, y: 0.0 }, max: Point2 { x: 461.0, y: 462.0 } }, inner: Rect { left: 0.0, top: 0.0, right: 461.0, bottom: 462.0 }, pics: 1
INFO [neovide::renderer::grid_renderer] blend 0
TRACE [neovide::renderer::rendered_window] region: Box2 { min: Point2 { x: 0.0, y: 0.0 }, max: Point2 { x: 461.0, y: 484.0 } }, inner: Rect { left: 0.0, top: 0.0, right: 461.0, bottom: 484.0 }, pics: 1
TRACE [neovide::renderer::rendered_window] region: Box2 { min: Point2 { x: 0.0, y: 0.0 }, max: Point2 { x: 461.0, y: 462.0 } }, inner: Rect { left: 0.0, top: 0.0, right: 461.0, bottom: 462.0 }, pics: 1
INFO [neovide::renderer::grid_renderer] blend 0
TRACE [neovide::renderer::rendered_window] region: Box2 { min: Point2 { x: 0.0, y: 0.0 }, max: Point2 { x: 461.0, y: 484.0 } }, inner: Rect { left: 0.0, top: 0.0, right: 461.0, bottom: 484.0 }, pics: 1
TRACE [neovide::renderer::rendered_window] region: Box2 { min: Point2 { x: 0.0, y: 0.0 }, max: Point2 { x: 461.0, y: 462.0 } }, inner: Rect { left: 0.0, top: 0.0, right: 461.0, bottom: 462.0 }, pics: 1
INFO [neovide::renderer::grid_renderer] blend 0
TRACE [neovide::renderer::rendered_window] region: Box2 { min: Point2 { x: 0.0, y: 0.0 }, max: Point2 { x: 461.0, y: 484.0 } }, inner: Rect { left: 0.0, top: 0.0, right: 461.0, bottom: 484.0 }, pics: 1
TRACE [neovide::renderer::rendered_window] region: Box2 { min: Point2 { x: 0.0, y: 0.0 }, max: Point2 { x: 461.0, y: 462.0 } }, inner: Rect { left: 0.0, top: 0.0, right: 461.0, bottom: 462.0 }, pics: 1
TRACE [neovide::window::keyboard_manager] KeyEvent {
    physical_key: Code(
        KeyJ,
    ),
    logical_key: Character(
        "j",
    ),
    text: Some(
        "j",
    ),
    location: Standard,
    state: Released,
    repeat: false,
    platform_specific: KeyEventExtra {
        text_with_all_modifiers: Some(
            "j",
        ),
        key_without_modifiers: Character(
            "j",
        ),
    },
}
INFO [neovide::renderer::grid_renderer] blend 0
TRACE [neovide::renderer::rendered_window] region: Box2 { min: Point2 { x: 0.0, y: 0.0 }, max: Point2 { x: 461.0, y: 484.0 } }, inner: Rect { left: 0.0, top: 0.0, right: 461.0, bottom: 484.0 }, pics: 1
TRACE [neovide::renderer::rendered_window] region: Box2 { min: Point2 { x: 0.0, y: 0.0 }, max: Point2 { x: 461.0, y: 462.0 } }, inner: Rect { left: 0.0, top: 0.0, right: 461.0, bottom: 462.0 }, pics: 1
TRACE [neovide::window::keyboard_manager] KeyEvent {
    physical_key: Code(
        KeyD,
    ),
    logical_key: Character(
        "d",
    ),
    text: Some(
        "d",
    ),
    location: Standard,
    state: Pressed,
    repeat: false,
    platform_specific: KeyEventExtra {
        text_with_all_modifiers: Some(
            "d",
        ),
        key_without_modifiers: Character(
            "d",
        ),
    },
}
TRACE [neovide::window::keyboard_manager] Key pressed d ModifiersState(0x0)
TRACE [neovide::channel_utils] UICommand Serial(Keyboard("d"))
TRACE [neovide::channel_utils] UICommand Serial(Keyboard("d"))
TRACE [neovide::bridge::ui_commands] In Serial Command
TRACE [neovide::bridge::ui_commands] Keyboard Input Sent: d
TRACE [neovide::bridge::handler] Neovim notification: "redraw"
TRACE [neovide::channel_utils] neovim_handler ModeChange { mode: Unknown("operator"), mode_index: 7 }
TRACE [neovide::channel_utils] neovim_handler Flush
TRACE [neovide::editor] Image flushed
TRACE [neovide::editor] send_batch
INFO [neovide::renderer::grid_renderer] blend 0
TRACE [neovide::renderer::rendered_window] region: Box2 { min: Point2 { x: 0.0, y: 0.0 }, max: Point2 { x: 461.0, y: 484.0 } }, inner: Rect { left: 0.0, top: 0.0, right: 461.0, bottom: 484.0 }, pics: 1
TRACE [neovide::renderer::rendered_window] region: Box2 { min: Point2 { x: 0.0, y: 0.0 }, max: Point2 { x: 461.0, y: 462.0 } }, inner: Rect { left: 0.0, top: 0.0, right: 461.0, bottom: 462.0 }, pics: 1
TRACE [neovide::bridge::handler] Neovim notification: "redraw"
TRACE [neovide::channel_utils] neovim_handler WindowViewport { grid: 2, top_line: 0.0, bottom_line: 2.0, current_line: 0.0, current_column: 6.0, line_count: Some(1.0), scroll_delta: Some(0.0) }
TRACE [neovide::channel_utils] neovim_handler WindowViewport { grid: 8, top_line: 0.0, bottom_line: 1.0, current_line: 0.0, current_column: 0.0, line_count: Some(1.0), scroll_delta: Some(0.0) }
TRACE [neovide::channel_utils] neovim_handler WindowViewport { grid: 7, top_line: 0.0, bottom_line: 1.0, current_line: 0.0, current_column: 0.0, line_count: Some(1.0), scroll_delta: Some(0.0) }
TRACE [neovide::channel_utils] neovim_handler WindowViewport { grid: 6, top_line: 0.0, bottom_line: 1.0, current_line: 0.0, current_column: 0.0, line_count: Some(1.0), scroll_delta: Some(0.0) }
TRACE [neovide::channel_utils] neovim_handler WindowViewport { grid: 5, top_line: 0.0, bottom_line: 1.0, current_line: 0.0, current_column: 0.0, line_count: Some(1.0), scroll_delta: Some(0.0) }
TRACE [neovide::channel_utils] neovim_handler Flush
TRACE [neovide::editor] Image flushed
TRACE [neovide::editor] send_batch
TRACE [neovide::bridge::handler] Neovim notification: "redraw"
TRACE [neovide::channel_utils] neovim_handler GridLine { grid: 1, row: 21, column_start: 1, cells: [GridLineCell { text: "O", highlight_id: Some(184), repeat: None }, GridLineCell { text: "-", highlight_id: None, repeat: None }, GridLineCell { text: "P", highlight_id: None, repeat: None }, GridLineCell { text: "E", highlight_id: None, repeat: None }, GridLineCell { text: "N", highlight_id: None, repeat: None }, GridLineCell { text: "D", highlight_id: None, repeat: None }, GridLineCell { text: "I", highlight_id: None, repeat: None }, GridLineCell { text: "N", highlight_id: None, repeat: None }, GridLineCell { text: "G", highlight_id: None, repeat: None }, GridLineCell { text: " ", highlight_id: None, repeat: None }, GridLineCell { text: "\u{e0b0}", highlight_id: Some(197), repeat: None }, GridLineCell { text: "<", highlight_id: Some(183), repeat: None }, GridLineCell { text: "n", highlight_id: None, repeat: None }, GridLineCell { text: "e", highlight_id: None, repeat: None }, GridLineCell { text: "o", highlight_id: None, repeat: None }, GridLineCell { text: "v", highlight_id: None, repeat: None }, GridLineCell { text: "i", highlight_id: None, repeat: None }, GridLineCell { text: "d", highlight_id: None, repeat: None }, GridLineCell { text: "e", highlight_id: None, repeat: None }, GridLineCell { text: ".", highlight_id: None, repeat: None }, GridLineCell { text: "l", highlight_id: None, repeat: None }, GridLineCell { text: "o", highlight_id: None, repeat: None }, GridLineCell { text: "g", highlight_id: None, repeat: None }, GridLineCell { text: " ", highlight_id: None, repeat: None }, GridLineCell { text: "[", highlight_id: None, repeat: None }, GridLineCell { text: "+", highlight_id: None, repeat: None }, GridLineCell { text: "]", highlight_id: None, repeat: None }] }
TRACE [neovide::channel_utils] neovim_handler WindowViewport { grid: 2, top_line: 0.0, bottom_line: 2.0, current_line: 0.0, current_column: 6.0, line_count: Some(1.0), scroll_delta: Some(0.0) }
TRACE [neovide::channel_utils] neovim_handler Flush
TRACE [neovide::editor] Image flushed
TRACE [neovide::editor] send_batch
INFO [neovide::renderer::grid_renderer] blend 0
TRACE [neovide::renderer::rendered_window] region: Box2 { min: Point2 { x: 0.0, y: 0.0 }, max: Point2 { x: 461.0, y: 484.0 } }, inner: Rect { left: 0.0, top: 0.0, right: 461.0, bottom: 484.0 }, pics: 1
TRACE [neovide::renderer::rendered_window] region: Box2 { min: Point2 { x: 0.0, y: 0.0 }, max: Point2 { x: 461.0, y: 462.0 } }, inner: Rect { left: 0.0, top: 0.0, right: 461.0, bottom: 462.0 }, pics: 1
TRACE [neovide::renderer::rendered_window] Handling Viewport 2
TRACE [neovide::renderer::rendered_window] Handling Viewport 8
TRACE [neovide::renderer::rendered_window] Handling Viewport 7
TRACE [neovide::renderer::rendered_window] Handling Viewport 6
TRACE [neovide::renderer::rendered_window] Handling Viewport 5
TRACE [neovide::renderer::rendered_window] Handling Viewport 2
TRACE [neovide::renderer::fonts::caching_shaper] Shaping text: "O-PENDING"
TRACE [neovide::renderer::fonts::caching_shaper] Shaping text: "<neovide.log"
INFO [neovide::renderer::grid_renderer] blend 0
TRACE [neovide::renderer::rendered_window] region: Box2 { min: Point2 { x: 0.0, y: 0.0 }, max: Point2 { x: 461.0, y: 484.0 } }, inner: Rect { left: 0.0, top: 0.0, right: 461.0, bottom: 484.0 }, pics: 1
TRACE [neovide::renderer::rendered_window] region: Box2 { min: Point2 { x: 0.0, y: 0.0 }, max: Point2 { x: 461.0, y: 462.0 } }, inner: Rect { left: 0.0, top: 0.0, right: 461.0, bottom: 462.0 }, pics: 1
TRACE [neovide::window::keyboard_manager] KeyEvent {
    physical_key: Code(
        KeyD,
    ),
    logical_key: Character(
        "d",
    ),
    text: Some(
        "d",
    ),
    location: Standard,
    state: Released,
    repeat: false,
    platform_specific: KeyEventExtra {
        text_with_all_modifiers: Some(
            "d",
        ),
        key_without_modifiers: Character(
            "d",
        ),
    },
}
INFO [neovide::renderer::grid_renderer] blend 0
TRACE [neovide::renderer::rendered_window] region: Box2 { min: Point2 { x: 0.0, y: 0.0 }, max: Point2 { x: 461.0, y: 484.0 } }, inner: Rect { left: 0.0, top: 0.0, right: 461.0, bottom: 484.0 }, pics: 1
TRACE [neovide::renderer::rendered_window] region: Box2 { min: Point2 { x: 0.0, y: 0.0 }, max: Point2 { x: 461.0, y: 462.0 } }, inner: Rect { left: 0.0, top: 0.0, right: 461.0, bottom: 462.0 }, pics: 1
INFO [neovide::renderer::grid_renderer] blend 0
TRACE [neovide::renderer::rendered_window] region: Box2 { min: Point2 { x: 0.0, y: 0.0 }, max: Point2 { x: 461.0, y: 484.0 } }, inner: Rect { left: 0.0, top: 0.0, right: 461.0, bottom: 484.0 }, pics: 1
TRACE [neovide::renderer::rendered_window] region: Box2 { min: Point2 { x: 0.0, y: 0.0 }, max: Point2 { x: 461.0, y: 462.0 } }, inner: Rect { left: 0.0, top: 0.0, right: 461.0, bottom: 462.0 }, pics: 1
INFO [neovide::renderer::grid_renderer] blend 0
TRACE [neovide::renderer::rendered_window] region: Box2 { min: Point2 { x: 0.0, y: 0.0 }, max: Point2 { x: 461.0, y: 484.0 } }, inner: Rect { left: 0.0, top: 0.0, right: 461.0, bottom: 484.0 }, pics: 1
TRACE [neovide::renderer::rendered_window] region: Box2 { min: Point2 { x: 0.0, y: 0.0 }, max: Point2 { x: 461.0, y: 462.0 } }, inner: Rect { left: 0.0, top: 0.0, right: 461.0, bottom: 462.0 }, pics: 1
INFO [neovide::renderer::grid_renderer] blend 0
TRACE [neovide::renderer::rendered_window] region: Box2 { min: Point2 { x: 0.0, y: 0.0 }, max: Point2 { x: 461.0, y: 484.0 } }, inner: Rect { left: 0.0, top: 0.0, right: 461.0, bottom: 484.0 }, pics: 1
TRACE [neovide::renderer::rendered_window] region: Box2 { min: Point2 { x: 0.0, y: 0.0 }, max: Point2 { x: 461.0, y: 462.0 } }, inner: Rect { left: 0.0, top: 0.0, right: 461.0, bottom: 462.0 }, pics: 1
TRACE [neovide::window::keyboard_manager] KeyEvent {
    physical_key: Code(
        KeyD,
    ),
    logical_key: Character(
        "d",
    ),
    text: Some(
        "d",
    ),
    location: Standard,
    state: Pressed,
    repeat: false,
    platform_specific: KeyEventExtra {
        text_with_all_modifiers: Some(
            "d",
        ),
        key_without_modifiers: Character(
            "d",
        ),
    },
}
TRACE [neovide::window::keyboard_manager] Key pressed d ModifiersState(0x0)
TRACE [neovide::channel_utils] UICommand Serial(Keyboard("d"))
TRACE [neovide::channel_utils] UICommand Serial(Keyboard("d"))
TRACE [neovide::bridge::ui_commands] In Serial Command
TRACE [neovide::bridge::ui_commands] Keyboard Input Sent: d
TRACE [neovide::bridge::handler] Neovim notification: "redraw"
TRACE [neovide::channel_utils] neovim_handler GridLine { grid: 2, row: 0, column_start: 6, cells: [GridLineCell { text: " ", highlight_id: Some(87), repeat: Some(7) }, GridLineCell { text: " ", highlight_id: Some(0), repeat: Some(0) }] }
TRACE [neovide::channel_utils] neovim_handler WindowViewport { grid: 2, top_line: 0.0, bottom_line: 2.0, current_line: 0.0, current_column: 0.0, line_count: Some(1.0), scroll_delta: Some(0.0) }
TRACE [neovide::channel_utils] neovim_handler WindowViewport { grid: 8, top_line: 0.0, bottom_line: 1.0, current_line: 0.0, current_column: 0.0, line_count: Some(1.0), scroll_delta: Some(0.0) }
TRACE [neovide::channel_utils] neovim_handler WindowViewport { grid: 7, top_line: 0.0, bottom_line: 1.0, current_line: 0.0, current_column: 0.0, line_count: Some(1.0), scroll_delta: Some(0.0) }
TRACE [neovide::channel_utils] neovim_handler WindowViewport { grid: 6, top_line: 0.0, bottom_line: 1.0, current_line: 0.0, current_column: 0.0, line_count: Some(1.0), scroll_delta: Some(0.0) }
TRACE [neovide::channel_utils] neovim_handler WindowViewport { grid: 5, top_line: 0.0, bottom_line: 1.0, current_line: 0.0, current_column: 0.0, line_count: Some(1.0), scroll_delta: Some(0.0) }
TRACE [neovide::channel_utils] neovim_handler CursorGoto { grid: 2, row: 0, column: 6 }
TRACE [neovide::channel_utils] neovim_handler ModeChange { mode: Normal, mode_index: 0 }
TRACE [neovide::channel_utils] neovim_handler Flush
TRACE [neovide::editor] Image flushed
TRACE [neovide::editor] send_batch
TRACE [neovide::renderer::rendered_window] Handling Viewport 2
TRACE [neovide::renderer::rendered_window] Handling Viewport 8
TRACE [neovide::renderer::rendered_window] Handling Viewport 7
TRACE [neovide::renderer::rendered_window] Handling Viewport 6
TRACE [neovide::renderer::rendered_window] Handling Viewport 5
INFO [neovide::renderer::grid_renderer] blend 0
TRACE [neovide::renderer::rendered_window] region: Box2 { min: Point2 { x: 0.0, y: 0.0 }, max: Point2 { x: 461.0, y: 484.0 } }, inner: Rect { left: 0.0, top: 0.0, right: 461.0, bottom: 484.0 }, pics: 1
TRACE [neovide::renderer::rendered_window] region: Box2 { min: Point2 { x: 0.0, y: 0.0 }, max: Point2 { x: 461.0, y: 462.0 } }, inner: Rect { left: 0.0, top: 0.0, right: 461.0, bottom: 462.0 }, pics: 1
TRACE [neovide::bridge::handler] Neovim notification: "redraw"
TRACE [neovide::channel_utils] neovim_handler GridLine { grid: 1, row: 21, column_start: 1, cells: [GridLineCell { text: "N", highlight_id: Some(184), repeat: None }, GridLineCell { text: "O", highlight_id: None, repeat: None }, GridLineCell { text: "R", highlight_id: None, repeat: None }, GridLineCell { text: "M", highlight_id: None, repeat: None }, GridLineCell { text: "A", highlight_id: None, repeat: None }, GridLineCell { text: "L", highlight_id: None, repeat: None }, GridLineCell { text: " ", highlight_id: None, repeat: None }, GridLineCell { text: "\u{e0b0}", highlight_id: Some(197), repeat: None }, GridLineCell { text: " ", highlight_id: Some(183), repeat: None }, GridLineCell { text: "t", highlight_id: None, repeat: None }, GridLineCell { text: "/", highlight_id: None, repeat: None }, GridLineCell { text: "n", highlight_id: None, repeat: None }, GridLineCell { text: "e", highlight_id: None, repeat: None }, GridLineCell { text: "o", highlight_id: None, repeat: None }, GridLineCell { text: "v", highlight_id: None, repeat: None }, GridLineCell { text: "i", highlight_id: None, repeat: None }, GridLineCell { text: "d", highlight_id: None, repeat: None }, GridLineCell { text: "e", highlight_id: None, repeat: None }, GridLineCell { text: ".", highlight_id: None, repeat: None }, GridLineCell { text: "l", highlight_id: None, repeat: None }, GridLineCell { text: "o", highlight_id: None, repeat: None }, GridLineCell { text: "g", highlight_id: None, repeat: None }, GridLineCell { text: " ", highlight_id: None, repeat: None }, GridLineCell { text: "[", highlight_id: None, repeat: None }, GridLineCell { text: "+", highlight_id: None, repeat: None }, GridLineCell { text: "]", highlight_id: None, repeat: None }, GridLineCell { text: " ", highlight_id: None, repeat: None }, GridLineCell { text: " ", highlight_id: Some(0), repeat: Some(0) }] }
TRACE [neovide::channel_utils] neovim_handler WindowViewport { grid: 2, top_line: 0.0, bottom_line: 2.0, current_line: 0.0, current_column: 0.0, line_count: Some(1.0), scroll_delta: Some(0.0) }
TRACE [neovide::channel_utils] neovim_handler Flush
TRACE [neovide::editor] Image flushed
TRACE [neovide::editor] send_batch
INFO [neovide::renderer::grid_renderer] blend 0
TRACE [neovide::renderer::rendered_window] region: Box2 { min: Point2 { x: 0.0, y: 0.0 }, max: Point2 { x: 461.0, y: 484.0 } }, inner: Rect { left: 0.0, top: 0.0, right: 461.0, bottom: 484.0 }, pics: 1
TRACE [neovide::renderer::rendered_window] region: Box2 { min: Point2 { x: 0.0, y: 0.0 }, max: Point2 { x: 461.0, y: 462.0 } }, inner: Rect { left: 0.0, top: 0.0, right: 461.0, bottom: 462.0 }, pics: 1
TRACE [neovide::renderer::rendered_window] Handling Viewport 2
INFO [neovide::renderer::grid_renderer] blend 0
TRACE [neovide::renderer::rendered_window] region: Box2 { min: Point2 { x: 0.0, y: 0.0 }, max: Point2 { x: 461.0, y: 484.0 } }, inner: Rect { left: 0.0, top: 0.0, right: 461.0, bottom: 484.0 }, pics: 1
TRACE [neovide::renderer::rendered_window] region: Box2 { min: Point2 { x: 0.0, y: 0.0 }, max: Point2 { x: 461.0, y: 462.0 } }, inner: Rect { left: 0.0, top: 0.0, right: 461.0, bottom: 462.0 }, pics: 1
INFO [neovide::renderer::grid_renderer] blend 0
TRACE [neovide::renderer::rendered_window] region: Box2 { min: Point2 { x: 0.0, y: 0.0 }, max: Point2 { x: 461.0, y: 484.0 } }, inner: Rect { left: 0.0, top: 0.0, right: 461.0, bottom: 484.0 }, pics: 1
TRACE [neovide::renderer::rendered_window] region: Box2 { min: Point2 { x: 0.0, y: 0.0 }, max: Point2 { x: 461.0, y: 462.0 } }, inner: Rect { left: 0.0, top: 0.0, right: 461.0, bottom: 462.0 }, pics: 1
TRACE [neovide::window::keyboard_manager] KeyEvent {
    physical_key: Code(
        KeyD,
    ),
    logical_key: Character(
        "d",
    ),
    text: Some(
        "d",
    ),
    location: Standard,
    state: Released,
    repeat: false,
    platform_specific: KeyEventExtra {
        text_with_all_modifiers: Some(
            "d",
        ),
        key_without_modifiers: Character(
            "d",
        ),
    },
}
INFO [neovide::renderer::grid_renderer] blend 0
TRACE [neovide::renderer::rendered_window] region: Box2 { min: Point2 { x: 0.0, y: 0.0 }, max: Point2 { x: 461.0, y: 484.0 } }, inner: Rect { left: 0.0, top: 0.0, right: 461.0, bottom: 484.0 }, pics: 1
TRACE [neovide::renderer::rendered_window] region: Box2 { min: Point2 { x: 0.0, y: 0.0 }, max: Point2 { x: 461.0, y: 462.0 } }, inner: Rect { left: 0.0, top: 0.0, right: 461.0, bottom: 462.0 }, pics: 1
INFO [neovide::renderer::grid_renderer] blend 0
TRACE [neovide::renderer::rendered_window] region: Box2 { min: Point2 { x: 0.0, y: 0.0 }, max: Point2 { x: 461.0, y: 484.0 } }, inner: Rect { left: 0.0, top: 0.0, right: 461.0, bottom: 484.0 }, pics: 1
TRACE [neovide::renderer::rendered_window] region: Box2 { min: Point2 { x: 0.0, y: 0.0 }, max: Point2 { x: 461.0, y: 462.0 } }, inner: Rect { left: 0.0, top: 0.0, right: 461.0, bottom: 462.0 }, pics: 1
INFO [neovide::renderer::grid_renderer] blend 0
TRACE [neovide::renderer::rendered_window] region: Box2 { min: Point2 { x: 0.0, y: 0.0 }, max: Point2 { x: 461.0, y: 484.0 } }, inner: Rect { left: 0.0, top: 0.0, right: 461.0, bottom: 484.0 }, pics: 1
TRACE [neovide::renderer::rendered_window] region: Box2 { min: Point2 { x: 0.0, y: 0.0 }, max: Point2 { x: 461.0, y: 462.0 } }, inner: Rect { left: 0.0, top: 0.0, right: 461.0, bottom: 462.0 }, pics: 1
INFO [neovide::renderer::grid_renderer] blend 0
TRACE [neovide::renderer::rendered_window] region: Box2 { min: Point2 { x: 0.0, y: 0.0 }, max: Point2 { x: 461.0, y: 484.0 } }, inner: Rect { left: 0.0, top: 0.0, right: 461.0, bottom: 484.0 }, pics: 1
TRACE [neovide::renderer::rendered_window] region: Box2 { min: Point2 { x: 0.0, y: 0.0 }, max: Point2 { x: 461.0, y: 462.0 } }, inner: Rect { left: 0.0, top: 0.0, right: 461.0, bottom: 462.0 }, pics: 1
INFO [neovide::renderer::grid_renderer] blend 0
TRACE [neovide::renderer::rendered_window] region: Box2 { min: Point2 { x: 0.0, y: 0.0 }, max: Point2 { x: 461.0, y: 484.0 } }, inner: Rect { left: 0.0, top: 0.0, right: 461.0, bottom: 484.0 }, pics: 1
TRACE [neovide::renderer::rendered_window] region: Box2 { min: Point2 { x: 0.0, y: 0.0 }, max: Point2 { x: 461.0, y: 462.0 } }, inner: Rect { left: 0.0, top: 0.0, right: 461.0, bottom: 462.0 }, pics: 1
INFO [neovide::renderer::grid_renderer] blend 0
TRACE [neovide::renderer::rendered_window] region: Box2 { min: Point2 { x: 0.0, y: 0.0 }, max: Point2 { x: 461.0, y: 484.0 } }, inner: Rect { left: 0.0, top: 0.0, right: 461.0, bottom: 484.0 }, pics: 1
TRACE [neovide::renderer::rendered_window] region: Box2 { min: Point2 { x: 0.0, y: 0.0 }, max: Point2 { x: 461.0, y: 462.0 } }, inner: Rect { left: 0.0, top: 0.0, right: 461.0, bottom: 462.0 }, pics: 1
INFO [neovide::renderer::grid_renderer] blend 0
TRACE [neovide::renderer::rendered_window] region: Box2 { min: Point2 { x: 0.0, y: 0.0 }, max: Point2 { x: 461.0, y: 484.0 } }, inner: Rect { left: 0.0, top: 0.0, right: 461.0, bottom: 484.0 }, pics: 1
TRACE [neovide::renderer::rendered_window] region: Box2 { min: Point2 { x: 0.0, y: 0.0 }, max: Point2 { x: 461.0, y: 462.0 } }, inner: Rect { left: 0.0, top: 0.0, right: 461.0, bottom: 462.0 }, pics: 1
INFO [neovide::renderer::grid_renderer] blend 0
TRACE [neovide::renderer::rendered_window] region: Box2 { min: Point2 { x: 0.0, y: 0.0 }, max: Point2 { x: 461.0, y: 484.0 } }, inner: Rect { left: 0.0, top: 0.0, right: 461.0, bottom: 484.0 }, pics: 1
TRACE [neovide::renderer::rendered_window] region: Box2 { min: Point2 { x: 0.0, y: 0.0 }, max: Point2 { x: 461.0, y: 462.0 } }, inner: Rect { left: 0.0, top: 0.0, right: 461.0, bottom: 462.0 }, pics: 1
INFO [neovide::renderer::grid_renderer] blend 0
TRACE [neovide::renderer::rendered_window] region: Box2 { min: Point2 { x: 0.0, y: 0.0 }, max: Point2 { x: 461.0, y: 484.0 } }, inner: Rect { left: 0.0, top: 0.0, right: 461.0, bottom: 484.0 }, pics: 1
TRACE [neovide::renderer::rendered_window] region: Box2 { min: Point2 { x: 0.0, y: 0.0 }, max: Point2 { x: 461.0, y: 462.0 } }, inner: Rect { left: 0.0, top: 0.0, right: 461.0, bottom: 462.0 }, pics: 1
INFO [neovide::renderer::grid_renderer] blend 0
TRACE [neovide::renderer::rendered_window] region: Box2 { min: Point2 { x: 0.0, y: 0.0 }, max: Point2 { x: 461.0, y: 484.0 } }, inner: Rect { left: 0.0, top: 0.0, right: 461.0, bottom: 484.0 }, pics: 1
TRACE [neovide::renderer::rendered_window] region: Box2 { min: Point2 { x: 0.0, y: 0.0 }, max: Point2 { x: 461.0, y: 462.0 } }, inner: Rect { left: 0.0, top: 0.0, right: 461.0, bottom: 462.0 }, pics: 1
INFO [neovide::renderer::grid_renderer] blend 0
TRACE [neovide::renderer::rendered_window] region: Box2 { min: Point2 { x: 0.0, y: 0.0 }, max: Point2 { x: 461.0, y: 484.0 } }, inner: Rect { left: 0.0, top: 0.0, right: 461.0, bottom: 484.0 }, pics: 1
TRACE [neovide::renderer::rendered_window] region: Box2 { min: Point2 { x: 0.0, y: 0.0 }, max: Point2 { x: 461.0, y: 462.0 } }, inner: Rect { left: 0.0, top: 0.0, right: 461.0, bottom: 462.0 }, pics: 1
INFO [neovide::renderer::grid_renderer] blend 0
TRACE [neovide::renderer::rendered_window] region: Box2 { min: Point2 { x: 0.0, y: 0.0 }, max: Point2 { x: 461.0, y: 484.0 } }, inner: Rect { left: 0.0, top: 0.0, right: 461.0, bottom: 484.0 }, pics: 1
TRACE [neovide::renderer::rendered_window] region: Box2 { min: Point2 { x: 0.0, y: 0.0 }, max: Point2 { x: 461.0, y: 462.0 } }, inner: Rect { left: 0.0, top: 0.0, right: 461.0, bottom: 462.0 }, pics: 1
INFO [neovide::renderer::grid_renderer] blend 0
TRACE [neovide::renderer::rendered_window] region: Box2 { min: Point2 { x: 0.0, y: 0.0 }, max: Point2 { x: 461.0, y: 484.0 } }, inner: Rect { left: 0.0, top: 0.0, right: 461.0, bottom: 484.0 }, pics: 1
TRACE [neovide::renderer::rendered_window] region: Box2 { min: Point2 { x: 0.0, y: 0.0 }, max: Point2 { x: 461.0, y: 462.0 } }, inner: Rect { left: 0.0, top: 0.0, right: 461.0, bottom: 462.0 }, pics: 1
INFO [neovide::renderer::grid_renderer] blend 0
TRACE [neovide::renderer::rendered_window] region: Box2 { min: Point2 { x: 0.0, y: 0.0 }, max: Point2 { x: 461.0, y: 484.0 } }, inner: Rect { left: 0.0, top: 0.0, right: 461.0, bottom: 484.0 }, pics: 1
TRACE [neovide::renderer::rendered_window] region: Box2 { min: Point2 { x: 0.0, y: 0.0 }, max: Point2 { x: 461.0, y: 462.0 } }, inner: Rect { left: 0.0, top: 0.0, right: 461.0, bottom: 462.0 }, pics: 1
INFO [neovide::renderer::grid_renderer] blend 0
TRACE [neovide::renderer::rendered_window] region: Box2 { min: Point2 { x: 0.0, y: 0.0 }, max: Point2 { x: 461.0, y: 484.0 } }, inner: Rect { left: 0.0, top: 0.0, right: 461.0, bottom: 484.0 }, pics: 1
TRACE [neovide::renderer::rendered_window] region: Box2 { min: Point2 { x: 0.0, y: 0.0 }, max: Point2 { x: 461.0, y: 462.0 } }, inner: Rect { left: 0.0, top: 0.0, right: 461.0, bottom: 462.0 }, pics: 1
INFO [neovide::renderer::grid_renderer] blend 0
TRACE [neovide::renderer::rendered_window] region: Box2 { min: Point2 { x: 0.0, y: 0.0 }, max: Point2 { x: 461.0, y: 484.0 } }, inner: Rect { left: 0.0, top: 0.0, right: 461.0, bottom: 484.0 }, pics: 1
TRACE [neovide::renderer::rendered_window] region: Box2 { min: Point2 { x: 0.0, y: 0.0 }, max: Point2 { x: 461.0, y: 462.0 } }, inner: Rect { left: 0.0, top: 0.0, right: 461.0, bottom: 462.0 }, pics: 1
INFO [neovide::renderer::grid_renderer] blend 0
TRACE [neovide::renderer::rendered_window] region: Box2 { min: Point2 { x: 0.0, y: 0.0 }, max: Point2 { x: 461.0, y: 484.0 } }, inner: Rect { left: 0.0, top: 0.0, right: 461.0, bottom: 484.0 }, pics: 1
TRACE [neovide::renderer::rendered_window] region: Box2 { min: Point2 { x: 0.0, y: 0.0 }, max: Point2 { x: 461.0, y: 462.0 } }, inner: Rect { left: 0.0, top: 0.0, right: 461.0, bottom: 462.0 }, pics: 1
INFO [neovide::renderer::grid_renderer] blend 0
TRACE [neovide::renderer::rendered_window] region: Box2 { min: Point2 { x: 0.0, y: 0.0 }, max: Point2 { x: 461.0, y: 484.0 } }, inner: Rect { left: 0.0, top: 0.0, right: 461.0, bottom: 484.0 }, pics: 1
TRACE [neovide::renderer::rendered_window] region: Box2 { min: Point2 { x: 0.0, y: 0.0 }, max: Point2 { x: 461.0, y: 462.0 } }, inner: Rect { left: 0.0, top: 0.0, right: 461.0, bottom: 462.0 }, pics: 1
INFO [neovide::renderer::grid_renderer] blend 0
TRACE [neovide::renderer::rendered_window] region: Box2 { min: Point2 { x: 0.0, y: 0.0 }, max: Point2 { x: 461.0, y: 484.0 } }, inner: Rect { left: 0.0, top: 0.0, right: 461.0, bottom: 484.0 }, pics: 1
TRACE [neovide::renderer::rendered_window] region: Box2 { min: Point2 { x: 0.0, y: 0.0 }, max: Point2 { x: 461.0, y: 462.0 } }, inner: Rect { left: 0.0, top: 0.0, right: 461.0, bottom: 462.0 }, pics: 1
INFO [neovide::renderer::grid_renderer] blend 0
TRACE [neovide::renderer::rendered_window] region: Box2 { min: Point2 { x: 0.0, y: 0.0 }, max: Point2 { x: 461.0, y: 484.0 } }, inner: Rect { left: 0.0, top: 0.0, right: 461.0, bottom: 484.0 }, pics: 1
TRACE [neovide::renderer::rendered_window] region: Box2 { min: Point2 { x: 0.0, y: 0.0 }, max: Point2 { x: 461.0, y: 462.0 } }, inner: Rect { left: 0.0, top: 0.0, right: 461.0, bottom: 462.0 }, pics: 1
INFO [neovide::renderer::grid_renderer] blend 0
TRACE [neovide::renderer::rendered_window] region: Box2 { min: Point2 { x: 0.0, y: 0.0 }, max: Point2 { x: 461.0, y: 484.0 } }, inner: Rect { left: 0.0, top: 0.0, right: 461.0, bottom: 484.0 }, pics: 1
TRACE [neovide::renderer::rendered_window] region: Box2 { min: Point2 { x: 0.0, y: 0.0 }, max: Point2 { x: 461.0, y: 462.0 } }, inner: Rect { left: 0.0, top: 0.0, right: 461.0, bottom: 462.0 }, pics: 1
INFO [neovide::renderer::grid_renderer] blend 0
TRACE [neovide::renderer::rendered_window] region: Box2 { min: Point2 { x: 0.0, y: 0.0 }, max: Point2 { x: 461.0, y: 484.0 } }, inner: Rect { left: 0.0, top: 0.0, right: 461.0, bottom: 484.0 }, pics: 1
TRACE [neovide::renderer::rendered_window] region: Box2 { min: Point2 { x: 0.0, y: 0.0 }, max: Point2 { x: 461.0, y: 462.0 } }, inner: Rect { left: 0.0, top: 0.0, right: 461.0, bottom: 462.0 }, pics: 1
INFO [neovide::renderer::grid_renderer] blend 0
TRACE [neovide::renderer::rendered_window] region: Box2 { min: Point2 { x: 0.0, y: 0.0 }, max: Point2 { x: 461.0, y: 484.0 } }, inner: Rect { left: 0.0, top: 0.0, right: 461.0, bottom: 484.0 }, pics: 1
TRACE [neovide::renderer::rendered_window] region: Box2 { min: Point2 { x: 0.0, y: 0.0 }, max: Point2 { x: 461.0, y: 462.0 } }, inner: Rect { left: 0.0, top: 0.0, right: 461.0, bottom: 462.0 }, pics: 1
TRACE [neovide::window::keyboard_manager] KeyEvent {
    physical_key: Code(
        SuperLeft,
    ),
    logical_key: Named(
        Super,
    ),
    text: None,
    location: Left,
    state: Pressed,
    repeat: false,
    platform_specific: KeyEventExtra {
        text_with_all_modifiers: None,
        key_without_modifiers: Named(
            Super,
        ),
    },
}
TRACE [neovide::window::keyboard_manager] Modifiers { state: ModifiersState(SUPER), pressed_mods: ModifiersKeys(0x0) }
TRACE [neovide::window::keyboard_manager] Modifiers { state: ModifiersState(SUPER), pressed_mods: ModifiersKeys(0x0) }
TRACE [neovide::channel_utils] UICommand Parallel(Quit)
TRACE [neovide::channel_utils] UICommand Parallel(Quit)
INFO [neovide::renderer::grid_renderer] blend 0
TRACE [neovide::renderer::rendered_window] region: Box2 { min: Point2 { x: 0.0, y: 0.0 }, max: Point2 { x: 461.0, y: 484.0 } }, inner: Rect { left: 0.0, top: 0.0, right: 461.0, bottom: 484.0 }, pics: 1
TRACE [neovide::renderer::rendered_window] region: Box2 { min: Point2 { x: 0.0, y: 0.0 }, max: Point2 { x: 461.0, y: 462.0 } }, inner: Rect { left: 0.0, top: 0.0, right: 461.0, bottom: 462.0 }, pics: 1
TRACE [neovide::bridge::handler] Neovim notification: "redraw"
TRACE [neovide::channel_utils] neovim_handler WindowViewportMargins { grid: 5, top: 0, bottom: 0, left: 0, right: 0 }
TRACE [neovide::channel_utils] neovim_handler WindowViewportMargins { grid: 2, top: 0, bottom: 0, left: 0, right: 0 }
TRACE [neovide::channel_utils] neovim_handler GridLine { grid: 1, row: 21, column_start: 0, cells: [GridLineCell { text: " ", highlight_id: Some(0), repeat: Some(29) }] }
TRACE [neovide::channel_utils] neovim_handler WindowViewportMargins { grid: 2, top: 0, bottom: 0, left: 0, right: 0 }
TRACE [neovide::channel_utils] neovim_handler WindowViewportMargins { grid: 5, top: 1, bottom: 1, left: 1, right: 1 }
TRACE [neovide::channel_utils] neovim_handler WindowPosition { grid: 2, start_row: 0, start_column: 0, width: 29, height: 21 }
TRACE [neovide::channel_utils] neovim_handler WindowViewport { grid: 2, top_line: 0.0, bottom_line: 2.0, current_line: 0.0, current_column: 0.0, line_count: Some(1.0), scroll_delta: Some(0.0) }
TRACE [neovide::channel_utils] neovim_handler WindowFloatPosition { grid: 5, anchor: NorthWest, anchor_grid: 1, anchor_row: 9.0, anchor_column: 0.0, mouse_enabled: false, z_index: 200, comp_index: Some(1), screen_row: Some(9), screen_col: Some(0) }
TRACE [neovide::channel_utils] neovim_handler GridLine { grid: 1, row: 21, column_start: 0, cells: [GridLineCell { text: " ", highlight_id: Some(184), repeat: None }, GridLineCell { text: "N", highlight_id: None, repeat: None }, GridLineCell { text: "O", highlight_id: None, repeat: None }, GridLineCell { text: "R", highlight_id: None, repeat: None }, GridLineCell { text: "M", highlight_id: None, repeat: None }, GridLineCell { text: "A", highlight_id: None, repeat: None }, GridLineCell { text: "L", highlight_id: None, repeat: None }, GridLineCell { text: " ", highlight_id: None, repeat: None }, GridLineCell { text: "\u{e0b0}", highlight_id: Some(197), repeat: None }, GridLineCell { text: " ", highlight_id: Some(183), repeat: None }, GridLineCell { text: "t", highlight_id: None, repeat: None }, GridLineCell { text: "/", highlight_id: None, repeat: None }, GridLineCell { text: "n", highlight_id: None, repeat: None }, GridLineCell { text: "e", highlight_id: None, repeat: None }, GridLineCell { text: "o", highlight_id: None, repeat: None }, GridLineCell { text: "v", highlight_id: None, repeat: None }, GridLineCell { text: "i", highlight_id: None, repeat: None }, GridLineCell { text: "d", highlight_id: None, repeat: None }, GridLineCell { text: "e", highlight_id: None, repeat: None }, GridLineCell { text: ".", highlight_id: None, repeat: None }, GridLineCell { text: "l", highlight_id: None, repeat: None }, GridLineCell { text: "o", highlight_id: None, repeat: None }, GridLineCell { text: "g", highlight_id: None, repeat: None }, GridLineCell { text: " ", highlight_id: None, repeat: None }, GridLineCell { text: "[", highlight_id: None, repeat: None }, GridLineCell { text: "+", highlight_id: None, repeat: None }, GridLineCell { text: "]", highlight_id: None, repeat: None }, GridLineCell { text: " ", highlight_id: Some(183), repeat: Some(2) }, GridLineCell { text: " ", highlight_id: Some(0), repeat: Some(0) }] }
TRACE [neovide::channel_utils] neovim_handler Resize { grid: 5, width: 29, height: 3 }
TRACE [neovide::channel_utils] neovim_handler GridLine { grid: 5, row: 0, column_start: 0, cells: [GridLineCell { text: "╭", highlight_id: Some(65), repeat: None }, GridLineCell { text: "─", highlight_id: Some(65), repeat: Some(27) }, GridLineCell { text: "╮", highlight_id: None, repeat: None }] }
TRACE [neovide::channel_utils] neovim_handler GridLine { grid: 5, row: 1, column_start: 0, cells: [GridLineCell { text: "│", highlight_id: Some(65), repeat: None }] }
TRACE [neovide::channel_utils] neovim_handler GridLine { grid: 5, row: 1, column_start: 28, cells: [GridLineCell { text: "│", highlight_id: Some(65), repeat: None }] }
TRACE [neovide::channel_utils] neovim_handler GridLine { grid: 5, row: 2, column_start: 0, cells: [GridLineCell { text: "╰", highlight_id: Some(65), repeat: None }, GridLineCell { text: "─", highlight_id: Some(65), repeat: Some(27) }, GridLineCell { text: "╯", highlight_id: None, repeat: None }] }
TRACE [neovide::channel_utils] neovim_handler GridLine { grid: 5, row: 1, column_start: 1, cells: [GridLineCell { text: "[", highlight_id: Some(69), repeat: None }, GridLineCell { text: "Y", highlight_id: None, repeat: None }, GridLineCell { text: "]", highlight_id: None, repeat: None }, GridLineCell { text: "e", highlight_id: None, repeat: None }, GridLineCell { text: "s", highlight_id: None, repeat: None }, GridLineCell { text: ",", highlight_id: None, repeat: None }, GridLineCell { text: " ", highlight_id: None, repeat: None }, GridLineCell { text: "(", highlight_id: None, repeat: None }, GridLineCell { text: "N", highlight_id: None, repeat: None }, GridLineCell { text: ")", highlight_id: None, repeat: None }, GridLineCell { text: "o", highlight_id: None, repeat: None }, GridLineCell { text: ",", highlight_id: None, repeat: None }, GridLineCell { text: " ", highlight_id: None, repeat: None }, GridLineCell { text: "(", highlight_id: None, repeat: None }, GridLineCell { text: "C", highlight_id: None, repeat: None }, GridLineCell { text: ")", highlight_id: None, repeat: None }, GridLineCell { text: "a", highlight_id: None, repeat: None }, GridLineCell { text: "n", highlight_id: None, repeat: None }, GridLineCell { text: "c", highlight_id: None, repeat: None }, GridLineCell { text: "e", highlight_id: None, repeat: None }, GridLineCell { text: "l", highlight_id: None, repeat: None }, GridLineCell { text: ":", highlight_id: None, repeat: None }, GridLineCell { text: " ", highlight_id: None, repeat: None }, GridLineCell { text: " ", highlight_id: Some(66), repeat: None }, GridLineCell { text: " ", highlight_id: Some(66), repeat: Some(3) }] }
TRACE [neovide::channel_utils] neovim_handler WindowViewport { grid: 5, top_line: 0.0, bottom_line: 1.0, current_line: 0.0, current_column: 23.0, line_count: Some(1.0), scroll_delta: Some(0.0) }
TRACE [neovide::channel_utils] neovim_handler CursorGoto { grid: 5, row: 1, column: 24 }
TRACE [neovide::channel_utils] neovim_handler ModeChange { mode: CmdLine, mode_index: 4 }
TRACE [neovide::channel_utils] neovim_handler MouseOff
TRACE [neovide::channel_utils] neovim_handler Flush
TRACE [neovide::bridge::handler] Neovim notification: "redraw"
TRACE [neovide::channel_utils] neovim_handler WindowViewportMargins { grid: 6, top: 1, bottom: 0, left: 0, right: 0 }
TRACE [neovide::channel_utils] neovim_handler WindowFloatPosition { grid: 6, anchor: SouthEast, anchor_grid: 1, anchor_row: 22.0, anchor_column: 10000.0, mouse_enabled: false, z_index: 199, comp_index: Some(1), screen_row: Some(20), screen_col: Some(0) }
TRACE [neovide::channel_utils] neovim_handler WindowFloatPosition { grid: 5, anchor: NorthWest, anchor_grid: 1, anchor_row: 9.0, anchor_column: 0.0, mouse_enabled: false, z_index: 200, comp_index: Some(2), screen_row: Some(9), screen_col: Some(0) }
TRACE [neovide::channel_utils] neovim_handler Resize { grid: 6, width: 10000, height: 2 }
TRACE [neovide::channel_utils] neovim_handler GridLine { grid: 6, row: 0, column_start: 0, cells: [GridLineCell { text: " ", highlight_id: Some(68), repeat: Some(10000) }, GridLineCell { text: " ", highlight_id: Some(0), repeat: Some(0) }] }
TRACE [neovide::channel_utils] neovim_handler GridLine { grid: 6, row: 1, column_start: 0, cells: [GridLineCell { text: "S", highlight_id: Some(69), repeat: None }, GridLineCell { text: "a", highlight_id: None, repeat: None }, GridLineCell { text: "v", highlight_id: None, repeat: None }, GridLineCell { text: "e", highlight_id: None, repeat: None }, GridLineCell { text: " ", highlight_id: None, repeat: None }, GridLineCell { text: "c", highlight_id: None, repeat: None }, GridLineCell { text: "h", highlight_id: None, repeat: None }, GridLineCell { text: "a", highlight_id: None, repeat: None }, GridLineCell { text: "n", highlight_id: None, repeat: None }, GridLineCell { text: "g", highlight_id: None, repeat: None }, GridLineCell { text: "e", highlight_id: None, repeat: None }, GridLineCell { text: "s", highlight_id: None, repeat: None }, GridLineCell { text: " ", highlight_id: None, repeat: None }, GridLineCell { text: "t", highlight_id: None, repeat: None }, GridLineCell { text: "o", highlight_id: None, repeat: None }, GridLineCell { text: " ", highlight_id: None, repeat: None }, GridLineCell { text: "\"", highlight_id: None, repeat: None }, GridLineCell { text: "/", highlight_id: None, repeat: None }, GridLineCell { text: "t", highlight_id: None, repeat: None }, GridLineCell { text: "m", highlight_id: None, repeat: None }, GridLineCell { text: "p", highlight_id: None, repeat: None }, GridLineCell { text: "/", highlight_id: None, repeat: None }, GridLineCell { text: "n", highlight_id: None, repeat: None }, GridLineCell { text: "e", highlight_id: None, repeat: None }, GridLineCell { text: "o", highlight_id: None, repeat: None }, GridLineCell { text: "v", highlight_id: None, repeat: None }, GridLineCell { text: "i", highlight_id: None, repeat: None }, GridLineCell { text: "d", highlight_id: None, repeat: None }, GridLineCell { text: "e", highlight_id: None, repeat: None }, GridLineCell { text: ".", highlight_id: None, repeat: None }, GridLineCell { text: "l", highlight_id: None, repeat: None }, GridLineCell { text: "o", highlight_id: None, repeat: None }, GridLineCell { text: "g", highlight_id: None, repeat: None }, GridLineCell { text: "\"", highlight_id: None, repeat: None }, GridLineCell { text: "?", highlight_id: None, repeat: None }, GridLineCell { text: " ", highlight_id: Some(66), repeat: Some(9965) }] }
TRACE [neovide::channel_utils] neovim_handler WindowViewport { grid: 6, top_line: 0.0, bottom_line: 1.0, current_line: 0.0, current_column: 34.0, line_count: Some(1.0), scroll_delta: Some(0.0) }
TRACE [neovide::channel_utils] neovim_handler CursorGoto { grid: 5, row: 1, column: 24 }
TRACE [neovide::channel_utils] neovim_handler Flush
TRACE [neovide::editor] Image flushed
TRACE [neovide::editor] send_batch
TRACE [neovide::editor] Image flushed
TRACE [neovide::editor] send_batch
INFO [neovide::renderer::grid_renderer] blend 0
TRACE [neovide::renderer::rendered_window] region: Box2 { min: Point2 { x: 0.0, y: 0.0 }, max: Point2 { x: 461.0, y: 484.0 } }, inner: Rect { left: 0.0, top: 0.0, right: 461.0, bottom: 484.0 }, pics: 1
TRACE [neovide::renderer::rendered_window] region: Box2 { min: Point2 { x: 0.0, y: 0.0 }, max: Point2 { x: 461.0, y: 462.0 } }, inner: Rect { left: 0.0, top: 0.0, right: 461.0, bottom: 462.0 }, pics: 1
TRACE [neovide::renderer::rendered_window] Handling Viewport 2
TRACE [neovide::renderer::rendered_window] Handling Viewport 5
TRACE [neovide::renderer::rendered_window] Handling Viewport 6
TRACE [neovide::renderer::fonts::caching_shaper] Shaping text: "Save"
TRACE [neovide::renderer::fonts::caching_shaper] Shaping text: "changes"
TRACE [neovide::renderer::fonts::caching_shaper] Shaping text: "to"
TRACE [neovide::renderer::fonts::caching_shaper] Shaping text: "\"/tmp/neovide.log\"?"
TRACE [neovide::renderer::fonts::caching_shaper] Shaping text: "[Y]es,"
TRACE [neovide::renderer::fonts::caching_shaper] Shaping text: "(N)o,"
TRACE [neovide::renderer::fonts::caching_shaper] Shaping text: "(C)ancel:"
INFO [neovide::renderer::grid_renderer] blend 0
DEBUG [neovide::renderer] zindex: 199, base: 0
DEBUG [neovide::renderer] zindex: 200, base: 199
DEBUG [neovide::renderer] layer: [(6, SortOrder { z_index: 199, composition_order: 1 })]
DEBUG [neovide::renderer] layer: [(5, SortOrder { z_index: 200, composition_order: 2 })]
TRACE [neovide::renderer::rendered_window] region: Box2 { min: Point2 { x: 0.0, y: 0.0 }, max: Point2 { x: 461.0, y: 484.0 } }, inner: Rect { left: 0.0, top: 0.0, right: 461.0, bottom: 484.0 }, pics: 1
TRACE [neovide::renderer::rendered_window] region: Box2 { min: Point2 { x: 0.0, y: 0.0 }, max: Point2 { x: 461.0, y: 462.0 } }, inner: Rect { left: 0.0, top: 0.0, right: 461.0, bottom: 462.0 }, pics: 1
TRACE [neovide::renderer::rendered_window] region: Box2 { min: Point2 { x: 0.0, y: 440.0 }, max: Point2 { x: 155494.8, y: 484.0 } }, inner: Rect { left: 0.0, top: 462.0, right: 155494.8, bottom: 484.0 }, pics: 0
TRACE [neovide::renderer::rendered_window] region: Box2 { min: Point2 { x: 0.0, y: 198.0 }, max: Point2 { x: 450.93494, y: 264.0 } }, inner: Rect { left: 0.0, top: 220.0, right: 450.93494, bottom: 242.0 }, pics: 0
INFO [neovide::renderer::grid_renderer] blend 0
DEBUG [neovide::renderer] zindex: 199, base: 0
DEBUG [neovide::renderer] zindex: 200, base: 199
DEBUG [neovide::renderer] layer: [(6, SortOrder { z_index: 199, composition_order: 1 })]
DEBUG [neovide::renderer] layer: [(5, SortOrder { z_index: 200, composition_order: 2 })]
TRACE [neovide::renderer::rendered_window] region: Box2 { min: Point2 { x: 0.0, y: 0.0 }, max: Point2 { x: 461.0, y: 484.0 } }, inner: Rect { left: 0.0, top: 0.0, right: 461.0, bottom: 484.0 }, pics: 1
TRACE [neovide::renderer::rendered_window] region: Box2 { min: Point2 { x: 0.0, y: 0.0 }, max: Point2 { x: 461.0, y: 462.0 } }, inner: Rect { left: 0.0, top: 0.0, right: 461.0, bottom: 462.0 }, pics: 1
TRACE [neovide::renderer::rendered_window] region: Box2 { min: Point2 { x: 0.0, y: 440.0 }, max: Point2 { x: 155494.8, y: 484.0 } }, inner: Rect { left: 0.0, top: 462.0, right: 155494.8, bottom: 484.0 }, pics: 0
TRACE [neovide::renderer::rendered_window] region: Box2 { min: Point2 { x: 0.0, y: 198.0 }, max: Point2 { x: 450.93494, y: 264.0 } }, inner: Rect { left: 0.0, top: 220.0, right: 450.93494, bottom: 242.0 }, pics: 0
INFO [neovide::renderer::grid_renderer] blend 0
DEBUG [neovide::renderer] zindex: 199, base: 0
DEBUG [neovide::renderer] zindex: 200, base: 199
DEBUG [neovide::renderer] layer: [(6, SortOrder { z_index: 199, composition_order: 1 })]
DEBUG [neovide::renderer] layer: [(5, SortOrder { z_index: 200, composition_order: 2 })]
TRACE [neovide::renderer::rendered_window] region: Box2 { min: Point2 { x: 0.0, y: 0.0 }, max: Point2 { x: 461.0, y: 484.0 } }, inner: Rect { left: 0.0, top: 0.0, right: 461.0, bottom: 484.0 }, pics: 1
TRACE [neovide::renderer::rendered_window] region: Box2 { min: Point2 { x: 0.0, y: 0.0 }, max: Point2 { x: 461.0, y: 462.0 } }, inner: Rect { left: 0.0, top: 0.0, right: 461.0, bottom: 462.0 }, pics: 1
TRACE [neovide::renderer::rendered_window] region: Box2 { min: Point2 { x: 0.0, y: 440.0 }, max: Point2 { x: 155494.8, y: 484.0 } }, inner: Rect { left: 0.0, top: 462.0, right: 155494.8, bottom: 484.0 }, pics: 0
TRACE [neovide::renderer::rendered_window] region: Box2 { min: Point2 { x: 0.0, y: 198.0 }, max: Point2 { x: 450.93494, y: 264.0 } }, inner: Rect { left: 0.0, top: 220.0, right: 450.93494, bottom: 242.0 }, pics: 0
INFO [neovide::renderer::grid_renderer] blend 0
DEBUG [neovide::renderer] zindex: 199, base: 0
DEBUG [neovide::renderer] zindex: 200, base: 199
DEBUG [neovide::renderer] layer: [(6, SortOrder { z_index: 199, composition_order: 1 })]
DEBUG [neovide::renderer] layer: [(5, SortOrder { z_index: 200, composition_order: 2 })]
TRACE [neovide::renderer::rendered_window] region: Box2 { min: Point2 { x: 0.0, y: 0.0 }, max: Point2 { x: 461.0, y: 484.0 } }, inner: Rect { left: 0.0, top: 0.0, right: 461.0, bottom: 484.0 }, pics: 1
TRACE [neovide::renderer::rendered_window] region: Box2 { min: Point2 { x: 0.0, y: 0.0 }, max: Point2 { x: 461.0, y: 462.0 } }, inner: Rect { left: 0.0, top: 0.0, right: 461.0, bottom: 462.0 }, pics: 1
TRACE [neovide::renderer::rendered_window] region: Box2 { min: Point2 { x: 0.0, y: 440.0 }, max: Point2 { x: 155494.8, y: 484.0 } }, inner: Rect { left: 0.0, top: 462.0, right: 155494.8, bottom: 484.0 }, pics: 0
TRACE [neovide::renderer::rendered_window] region: Box2 { min: Point2 { x: 0.0, y: 198.0 }, max: Point2 { x: 450.93494, y: 264.0 } }, inner: Rect { left: 0.0, top: 220.0, right: 450.93494, bottom: 242.0 }, pics: 0
INFO [neovide::renderer::grid_renderer] blend 0
DEBUG [neovide::renderer] zindex: 199, base: 0
DEBUG [neovide::renderer] zindex: 200, base: 199
DEBUG [neovide::renderer] layer: [(6, SortOrder { z_index: 199, composition_order: 1 })]
DEBUG [neovide::renderer] layer: [(5, SortOrder { z_index: 200, composition_order: 2 })]
TRACE [neovide::renderer::rendered_window] region: Box2 { min: Point2 { x: 0.0, y: 0.0 }, max: Point2 { x: 461.0, y: 484.0 } }, inner: Rect { left: 0.0, top: 0.0, right: 461.0, bottom: 484.0 }, pics: 1
TRACE [neovide::renderer::rendered_window] region: Box2 { min: Point2 { x: 0.0, y: 0.0 }, max: Point2 { x: 461.0, y: 462.0 } }, inner: Rect { left: 0.0, top: 0.0, right: 461.0, bottom: 462.0 }, pics: 1
TRACE [neovide::renderer::rendered_window] region: Box2 { min: Point2 { x: 0.0, y: 440.0 }, max: Point2 { x: 155494.8, y: 484.0 } }, inner: Rect { left: 0.0, top: 462.0, right: 155494.8, bottom: 484.0 }, pics: 0
TRACE [neovide::renderer::rendered_window] region: Box2 { min: Point2 { x: 0.0, y: 198.0 }, max: Point2 { x: 450.93494, y: 264.0 } }, inner: Rect { left: 0.0, top: 220.0, right: 450.93494, bottom: 242.0 }, pics: 0
INFO [neovide::renderer::grid_renderer] blend 0
DEBUG [neovide::renderer] zindex: 199, base: 0
DEBUG [neovide::renderer] zindex: 200, base: 199
DEBUG [neovide::renderer] layer: [(6, SortOrder { z_index: 199, composition_order: 1 })]
DEBUG [neovide::renderer] layer: [(5, SortOrder { z_index: 200, composition_order: 2 })]
TRACE [neovide::renderer::rendered_window] region: Box2 { min: Point2 { x: 0.0, y: 0.0 }, max: Point2 { x: 461.0, y: 484.0 } }, inner: Rect { left: 0.0, top: 0.0, right: 461.0, bottom: 484.0 }, pics: 1
TRACE [neovide::renderer::rendered_window] region: Box2 { min: Point2 { x: 0.0, y: 0.0 }, max: Point2 { x: 461.0, y: 462.0 } }, inner: Rect { left: 0.0, top: 0.0, right: 461.0, bottom: 462.0 }, pics: 1
TRACE [neovide::renderer::rendered_window] region: Box2 { min: Point2 { x: 0.0, y: 440.0 }, max: Point2 { x: 155494.8, y: 484.0 } }, inner: Rect { left: 0.0, top: 462.0, right: 155494.8, bottom: 484.0 }, pics: 0
TRACE [neovide::renderer::rendered_window] region: Box2 { min: Point2 { x: 0.0, y: 198.0 }, max: Point2 { x: 450.93494, y: 264.0 } }, inner: Rect { left: 0.0, top: 220.0, right: 450.93494, bottom: 242.0 }, pics: 0
TRACE [neovide::window::keyboard_manager] KeyEvent {
    physical_key: Code(
        SuperLeft,
    ),
    logical_key: Named(
        Super,
    ),
    text: None,
    location: Left,
    state: Released,
    repeat: false,
    platform_specific: KeyEventExtra {
        text_with_all_modifiers: None,
        key_without_modifiers: Named(
            Super,
        ),
    },
}
TRACE [neovide::window::keyboard_manager] Modifiers { state: ModifiersState(0x0), pressed_mods: ModifiersKeys(0x0) }
TRACE [neovide::window::keyboard_manager] Modifiers { state: ModifiersState(0x0), pressed_mods: ModifiersKeys(0x0) }
INFO [neovide::renderer::grid_renderer] blend 0
DEBUG [neovide::renderer] zindex: 199, base: 0
DEBUG [neovide::renderer] zindex: 200, base: 199
DEBUG [neovide::renderer] layer: [(6, SortOrder { z_index: 199, composition_order: 1 })]
DEBUG [neovide::renderer] layer: [(5, SortOrder { z_index: 200, composition_order: 2 })]
TRACE [neovide::renderer::rendered_window] region: Box2 { min: Point2 { x: 0.0, y: 0.0 }, max: Point2 { x: 461.0, y: 484.0 } }, inner: Rect { left: 0.0, top: 0.0, right: 461.0, bottom: 484.0 }, pics: 1
TRACE [neovide::renderer::rendered_window] region: Box2 { min: Point2 { x: 0.0, y: 0.0 }, max: Point2 { x: 461.0, y: 462.0 } }, inner: Rect { left: 0.0, top: 0.0, right: 461.0, bottom: 462.0 }, pics: 1
TRACE [neovide::renderer::rendered_window] region: Box2 { min: Point2 { x: 0.0, y: 440.0 }, max: Point2 { x: 155494.8, y: 484.0 } }, inner: Rect { left: 0.0, top: 462.0, right: 155494.8, bottom: 484.0 }, pics: 0
TRACE [neovide::renderer::rendered_window] region: Box2 { min: Point2 { x: 0.0, y: 198.0 }, max: Point2 { x: 450.93494, y: 264.0 } }, inner: Rect { left: 0.0, top: 220.0, right: 450.93494, bottom: 242.0 }, pics: 0
INFO [neovide::renderer::grid_renderer] blend 0
DEBUG [neovide::renderer] zindex: 199, base: 0
DEBUG [neovide::renderer] zindex: 200, base: 199
DEBUG [neovide::renderer] layer: [(6, SortOrder { z_index: 199, composition_order: 1 })]
DEBUG [neovide::renderer] layer: [(5, SortOrder { z_index: 200, composition_order: 2 })]
TRACE [neovide::renderer::rendered_window] region: Box2 { min: Point2 { x: 0.0, y: 0.0 }, max: Point2 { x: 461.0, y: 484.0 } }, inner: Rect { left: 0.0, top: 0.0, right: 461.0, bottom: 484.0 }, pics: 1
TRACE [neovide::renderer::rendered_window] region: Box2 { min: Point2 { x: 0.0, y: 0.0 }, max: Point2 { x: 461.0, y: 462.0 } }, inner: Rect { left: 0.0, top: 0.0, right: 461.0, bottom: 462.0 }, pics: 1
TRACE [neovide::renderer::rendered_window] region: Box2 { min: Point2 { x: 0.0, y: 440.0 }, max: Point2 { x: 155494.8, y: 484.0 } }, inner: Rect { left: 0.0, top: 462.0, right: 155494.8, bottom: 484.0 }, pics: 0
TRACE [neovide::renderer::rendered_window] region: Box2 { min: Point2 { x: 0.0, y: 198.0 }, max: Point2 { x: 450.93494, y: 264.0 } }, inner: Rect { left: 0.0, top: 220.0, right: 450.93494, bottom: 242.0 }, pics: 0
INFO [neovide::renderer::grid_renderer] blend 0
DEBUG [neovide::renderer] zindex: 199, base: 0
DEBUG [neovide::renderer] zindex: 200, base: 199
DEBUG [neovide::renderer] layer: [(6, SortOrder { z_index: 199, composition_order: 1 })]
DEBUG [neovide::renderer] layer: [(5, SortOrder { z_index: 200, composition_order: 2 })]
TRACE [neovide::renderer::rendered_window] region: Box2 { min: Point2 { x: 0.0, y: 0.0 }, max: Point2 { x: 461.0, y: 484.0 } }, inner: Rect { left: 0.0, top: 0.0, right: 461.0, bottom: 484.0 }, pics: 1
TRACE [neovide::renderer::rendered_window] region: Box2 { min: Point2 { x: 0.0, y: 0.0 }, max: Point2 { x: 461.0, y: 462.0 } }, inner: Rect { left: 0.0, top: 0.0, right: 461.0, bottom: 462.0 }, pics: 1
TRACE [neovide::renderer::rendered_window] region: Box2 { min: Point2 { x: 0.0, y: 440.0 }, max: Point2 { x: 155494.8, y: 484.0 } }, inner: Rect { left: 0.0, top: 462.0, right: 155494.8, bottom: 484.0 }, pics: 0
TRACE [neovide::renderer::rendered_window] region: Box2 { min: Point2 { x: 0.0, y: 198.0 }, max: Point2 { x: 450.93494, y: 264.0 } }, inner: Rect { left: 0.0, top: 220.0, right: 450.93494, bottom: 242.0 }, pics: 0
INFO [neovide::renderer::grid_renderer] blend 0
DEBUG [neovide::renderer] zindex: 199, base: 0
DEBUG [neovide::renderer] zindex: 200, base: 199
DEBUG [neovide::renderer] layer: [(6, SortOrder { z_index: 199, composition_order: 1 })]
DEBUG [neovide::renderer] layer: [(5, SortOrder { z_index: 200, composition_order: 2 })]
TRACE [neovide::renderer::rendered_window] region: Box2 { min: Point2 { x: 0.0, y: 0.0 }, max: Point2 { x: 461.0, y: 484.0 } }, inner: Rect { left: 0.0, top: 0.0, right: 461.0, bottom: 484.0 }, pics: 1
TRACE [neovide::renderer::rendered_window] region: Box2 { min: Point2 { x: 0.0, y: 0.0 }, max: Point2 { x: 461.0, y: 462.0 } }, inner: Rect { left: 0.0, top: 0.0, right: 461.0, bottom: 462.0 }, pics: 1
TRACE [neovide::renderer::rendered_window] region: Box2 { min: Point2 { x: 0.0, y: 440.0 }, max: Point2 { x: 155494.8, y: 484.0 } }, inner: Rect { left: 0.0, top: 462.0, right: 155494.8, bottom: 484.0 }, pics: 0
TRACE [neovide::renderer::rendered_window] region: Box2 { min: Point2 { x: 0.0, y: 198.0 }, max: Point2 { x: 450.93494, y: 264.0 } }, inner: Rect { left: 0.0, top: 220.0, right: 450.93494, bottom: 242.0 }, pics: 0
INFO [neovide::renderer::grid_renderer] blend 0
DEBUG [neovide::renderer] zindex: 199, base: 0
DEBUG [neovide::renderer] zindex: 200, base: 199
DEBUG [neovide::renderer] layer: [(6, SortOrder { z_index: 199, composition_order: 1 })]
DEBUG [neovide::renderer] layer: [(5, SortOrder { z_index: 200, composition_order: 2 })]
TRACE [neovide::renderer::rendered_window] region: Box2 { min: Point2 { x: 0.0, y: 0.0 }, max: Point2 { x: 461.0, y: 484.0 } }, inner: Rect { left: 0.0, top: 0.0, right: 461.0, bottom: 484.0 }, pics: 1
TRACE [neovide::renderer::rendered_window] region: Box2 { min: Point2 { x: 0.0, y: 0.0 }, max: Point2 { x: 461.0, y: 462.0 } }, inner: Rect { left: 0.0, top: 0.0, right: 461.0, bottom: 462.0 }, pics: 1
TRACE [neovide::renderer::rendered_window] region: Box2 { min: Point2 { x: 0.0, y: 440.0 }, max: Point2 { x: 155494.8, y: 484.0 } }, inner: Rect { left: 0.0, top: 462.0, right: 155494.8, bottom: 484.0 }, pics: 0
TRACE [neovide::renderer::rendered_window] region: Box2 { min: Point2 { x: 0.0, y: 198.0 }, max: Point2 { x: 450.93494, y: 264.0 } }, inner: Rect { left: 0.0, top: 220.0, right: 450.93494, bottom: 242.0 }, pics: 0
INFO [neovide::renderer::grid_renderer] blend 0
DEBUG [neovide::renderer] zindex: 199, base: 0
DEBUG [neovide::renderer] zindex: 200, base: 199
DEBUG [neovide::renderer] layer: [(6, SortOrder { z_index: 199, composition_order: 1 })]
DEBUG [neovide::renderer] layer: [(5, SortOrder { z_index: 200, composition_order: 2 })]
TRACE [neovide::renderer::rendered_window] region: Box2 { min: Point2 { x: 0.0, y: 0.0 }, max: Point2 { x: 461.0, y: 484.0 } }, inner: Rect { left: 0.0, top: 0.0, right: 461.0, bottom: 484.0 }, pics: 1
TRACE [neovide::renderer::rendered_window] region: Box2 { min: Point2 { x: 0.0, y: 0.0 }, max: Point2 { x: 461.0, y: 462.0 } }, inner: Rect { left: 0.0, top: 0.0, right: 461.0, bottom: 462.0 }, pics: 1
TRACE [neovide::renderer::rendered_window] region: Box2 { min: Point2 { x: 0.0, y: 440.0 }, max: Point2 { x: 155494.8, y: 484.0 } }, inner: Rect { left: 0.0, top: 462.0, right: 155494.8, bottom: 484.0 }, pics: 0
TRACE [neovide::renderer::rendered_window] region: Box2 { min: Point2 { x: 0.0, y: 198.0 }, max: Point2 { x: 450.93494, y: 264.0 } }, inner: Rect { left: 0.0, top: 220.0, right: 450.93494, bottom: 242.0 }, pics: 0
INFO [neovide::renderer::grid_renderer] blend 0
DEBUG [neovide::renderer] zindex: 199, base: 0
DEBUG [neovide::renderer] zindex: 200, base: 199
DEBUG [neovide::renderer] layer: [(6, SortOrder { z_index: 199, composition_order: 1 })]
DEBUG [neovide::renderer] layer: [(5, SortOrder { z_index: 200, composition_order: 2 })]
TRACE [neovide::renderer::rendered_window] region: Box2 { min: Point2 { x: 0.0, y: 0.0 }, max: Point2 { x: 461.0, y: 484.0 } }, inner: Rect { left: 0.0, top: 0.0, right: 461.0, bottom: 484.0 }, pics: 1
TRACE [neovide::renderer::rendered_window] region: Box2 { min: Point2 { x: 0.0, y: 0.0 }, max: Point2 { x: 461.0, y: 462.0 } }, inner: Rect { left: 0.0, top: 0.0, right: 461.0, bottom: 462.0 }, pics: 1
TRACE [neovide::renderer::rendered_window] region: Box2 { min: Point2 { x: 0.0, y: 440.0 }, max: Point2 { x: 155494.8, y: 484.0 } }, inner: Rect { left: 0.0, top: 462.0, right: 155494.8, bottom: 484.0 }, pics: 0
TRACE [neovide::renderer::rendered_window] region: Box2 { min: Point2 { x: 0.0, y: 198.0 }, max: Point2 { x: 450.93494, y: 264.0 } }, inner: Rect { left: 0.0, top: 220.0, right: 450.93494, bottom: 242.0 }, pics: 0
INFO [neovide::renderer::grid_renderer] blend 0
DEBUG [neovide::renderer] zindex: 199, base: 0
DEBUG [neovide::renderer] zindex: 200, base: 199
DEBUG [neovide::renderer] layer: [(6, SortOrder { z_index: 199, composition_order: 1 })]
DEBUG [neovide::renderer] layer: [(5, SortOrder { z_index: 200, composition_order: 2 })]
TRACE [neovide::renderer::rendered_window] region: Box2 { min: Point2 { x: 0.0, y: 0.0 }, max: Point2 { x: 461.0, y: 484.0 } }, inner: Rect { left: 0.0, top: 0.0, right: 461.0, bottom: 484.0 }, pics: 1
TRACE [neovide::renderer::rendered_window] region: Box2 { min: Point2 { x: 0.0, y: 0.0 }, max: Point2 { x: 461.0, y: 462.0 } }, inner: Rect { left: 0.0, top: 0.0, right: 461.0, bottom: 462.0 }, pics: 1
TRACE [neovide::renderer::rendered_window] region: Box2 { min: Point2 { x: 0.0, y: 440.0 }, max: Point2 { x: 155494.8, y: 484.0 } }, inner: Rect { left: 0.0, top: 462.0, right: 155494.8, bottom: 484.0 }, pics: 0
TRACE [neovide::renderer::rendered_window] region: Box2 { min: Point2 { x: 0.0, y: 198.0 }, max: Point2 { x: 450.93494, y: 264.0 } }, inner: Rect { left: 0.0, top: 220.0, right: 450.93494, bottom: 242.0 }, pics: 0
INFO [neovide::renderer::grid_renderer] blend 0
DEBUG [neovide::renderer] zindex: 199, base: 0
DEBUG [neovide::renderer] zindex: 200, base: 199
DEBUG [neovide::renderer] layer: [(6, SortOrder { z_index: 199, composition_order: 1 })]
DEBUG [neovide::renderer] layer: [(5, SortOrder { z_index: 200, composition_order: 2 })]
TRACE [neovide::renderer::rendered_window] region: Box2 { min: Point2 { x: 0.0, y: 0.0 }, max: Point2 { x: 461.0, y: 484.0 } }, inner: Rect { left: 0.0, top: 0.0, right: 461.0, bottom: 484.0 }, pics: 1
TRACE [neovide::renderer::rendered_window] region: Box2 { min: Point2 { x: 0.0, y: 0.0 }, max: Point2 { x: 461.0, y: 462.0 } }, inner: Rect { left: 0.0, top: 0.0, right: 461.0, bottom: 462.0 }, pics: 1
TRACE [neovide::renderer::rendered_window] region: Box2 { min: Point2 { x: 0.0, y: 440.0 }, max: Point2 { x: 155494.8, y: 484.0 } }, inner: Rect { left: 0.0, top: 462.0, right: 155494.8, bottom: 484.0 }, pics: 0
TRACE [neovide::renderer::rendered_window] region: Box2 { min: Point2 { x: 0.0, y: 198.0 }, max: Point2 { x: 450.93494, y: 264.0 } }, inner: Rect { left: 0.0, top: 220.0, right: 450.93494, bottom: 242.0 }, pics: 0
INFO [neovide::renderer::grid_renderer] blend 0
DEBUG [neovide::renderer] zindex: 199, base: 0
DEBUG [neovide::renderer] zindex: 200, base: 199
DEBUG [neovide::renderer] layer: [(6, SortOrder { z_index: 199, composition_order: 1 })]
DEBUG [neovide::renderer] layer: [(5, SortOrder { z_index: 200, composition_order: 2 })]
TRACE [neovide::renderer::rendered_window] region: Box2 { min: Point2 { x: 0.0, y: 0.0 }, max: Point2 { x: 461.0, y: 484.0 } }, inner: Rect { left: 0.0, top: 0.0, right: 461.0, bottom: 484.0 }, pics: 1
TRACE [neovide::renderer::rendered_window] region: Box2 { min: Point2 { x: 0.0, y: 0.0 }, max: Point2 { x: 461.0, y: 462.0 } }, inner: Rect { left: 0.0, top: 0.0, right: 461.0, bottom: 462.0 }, pics: 1
TRACE [neovide::renderer::rendered_window] region: Box2 { min: Point2 { x: 0.0, y: 440.0 }, max: Point2 { x: 155494.8, y: 484.0 } }, inner: Rect { left: 0.0, top: 462.0, right: 155494.8, bottom: 484.0 }, pics: 0
TRACE [neovide::renderer::rendered_window] region: Box2 { min: Point2 { x: 0.0, y: 198.0 }, max: Point2 { x: 450.93494, y: 264.0 } }, inner: Rect { left: 0.0, top: 220.0, right: 450.93494, bottom: 242.0 }, pics: 0
INFO [neovide::renderer::grid_renderer] blend 0
DEBUG [neovide::renderer] zindex: 199, base: 0
DEBUG [neovide::renderer] zindex: 200, base: 199
DEBUG [neovide::renderer] layer: [(6, SortOrder { z_index: 199, composition_order: 1 })]
DEBUG [neovide::renderer] layer: [(5, SortOrder { z_index: 200, composition_order: 2 })]
TRACE [neovide::renderer::rendered_window] region: Box2 { min: Point2 { x: 0.0, y: 0.0 }, max: Point2 { x: 461.0, y: 484.0 } }, inner: Rect { left: 0.0, top: 0.0, right: 461.0, bottom: 484.0 }, pics: 1
TRACE [neovide::renderer::rendered_window] region: Box2 { min: Point2 { x: 0.0, y: 0.0 }, max: Point2 { x: 461.0, y: 462.0 } }, inner: Rect { left: 0.0, top: 0.0, right: 461.0, bottom: 462.0 }, pics: 1
TRACE [neovide::renderer::rendered_window] region: Box2 { min: Point2 { x: 0.0, y: 440.0 }, max: Point2 { x: 155494.8, y: 484.0 } }, inner: Rect { left: 0.0, top: 462.0, right: 155494.8, bottom: 484.0 }, pics: 0
TRACE [neovide::renderer::rendered_window] region: Box2 { min: Point2 { x: 0.0, y: 198.0 }, max: Point2 { x: 450.93494, y: 264.0 } }, inner: Rect { left: 0.0, top: 220.0, right: 450.93494, bottom: 242.0 }, pics: 0
INFO [neovide::renderer::grid_renderer] blend 0
DEBUG [neovide::renderer] zindex: 199, base: 0
DEBUG [neovide::renderer] zindex: 200, base: 199
DEBUG [neovide::renderer] layer: [(6, SortOrder { z_index: 199, composition_order: 1 })]
DEBUG [neovide::renderer] layer: [(5, SortOrder { z_index: 200, composition_order: 2 })]
TRACE [neovide::renderer::rendered_window] region: Box2 { min: Point2 { x: 0.0, y: 0.0 }, max: Point2 { x: 461.0, y: 484.0 } }, inner: Rect { left: 0.0, top: 0.0, right: 461.0, bottom: 484.0 }, pics: 1
TRACE [neovide::renderer::rendered_window] region: Box2 { min: Point2 { x: 0.0, y: 0.0 }, max: Point2 { x: 461.0, y: 462.0 } }, inner: Rect { left: 0.0, top: 0.0, right: 461.0, bottom: 462.0 }, pics: 1
TRACE [neovide::renderer::rendered_window] region: Box2 { min: Point2 { x: 0.0, y: 440.0 }, max: Point2 { x: 155494.8, y: 484.0 } }, inner: Rect { left: 0.0, top: 462.0, right: 155494.8, bottom: 484.0 }, pics: 0
TRACE [neovide::renderer::rendered_window] region: Box2 { min: Point2 { x: 0.0, y: 198.0 }, max: Point2 { x: 450.93494, y: 264.0 } }, inner: Rect { left: 0.0, top: 220.0, right: 450.93494, bottom: 242.0 }, pics: 0
INFO [neovide::renderer::grid_renderer] blend 0
DEBUG [neovide::renderer] zindex: 199, base: 0
DEBUG [neovide::renderer] zindex: 200, base: 199
DEBUG [neovide::renderer] layer: [(6, SortOrder { z_index: 199, composition_order: 1 })]
DEBUG [neovide::renderer] layer: [(5, SortOrder { z_index: 200, composition_order: 2 })]
TRACE [neovide::renderer::rendered_window] region: Box2 { min: Point2 { x: 0.0, y: 0.0 }, max: Point2 { x: 461.0, y: 484.0 } }, inner: Rect { left: 0.0, top: 0.0, right: 461.0, bottom: 484.0 }, pics: 1
TRACE [neovide::renderer::rendered_window] region: Box2 { min: Point2 { x: 0.0, y: 0.0 }, max: Point2 { x: 461.0, y: 462.0 } }, inner: Rect { left: 0.0, top: 0.0, right: 461.0, bottom: 462.0 }, pics: 1
TRACE [neovide::renderer::rendered_window] region: Box2 { min: Point2 { x: 0.0, y: 440.0 }, max: Point2 { x: 155494.8, y: 484.0 } }, inner: Rect { left: 0.0, top: 462.0, right: 155494.8, bottom: 484.0 }, pics: 0
TRACE [neovide::renderer::rendered_window] region: Box2 { min: Point2 { x: 0.0, y: 198.0 }, max: Point2 { x: 450.93494, y: 264.0 } }, inner: Rect { left: 0.0, top: 220.0, right: 450.93494, bottom: 242.0 }, pics: 0
INFO [neovide::renderer::grid_renderer] blend 0
DEBUG [neovide::renderer] zindex: 199, base: 0
DEBUG [neovide::renderer] zindex: 200, base: 199
DEBUG [neovide::renderer] layer: [(6, SortOrder { z_index: 199, composition_order: 1 })]
DEBUG [neovide::renderer] layer: [(5, SortOrder { z_index: 200, composition_order: 2 })]
TRACE [neovide::renderer::rendered_window] region: Box2 { min: Point2 { x: 0.0, y: 0.0 }, max: Point2 { x: 461.0, y: 484.0 } }, inner: Rect { left: 0.0, top: 0.0, right: 461.0, bottom: 484.0 }, pics: 1
TRACE [neovide::renderer::rendered_window] region: Box2 { min: Point2 { x: 0.0, y: 0.0 }, max: Point2 { x: 461.0, y: 462.0 } }, inner: Rect { left: 0.0, top: 0.0, right: 461.0, bottom: 462.0 }, pics: 1
TRACE [neovide::renderer::rendered_window] region: Box2 { min: Point2 { x: 0.0, y: 440.0 }, max: Point2 { x: 155494.8, y: 484.0 } }, inner: Rect { left: 0.0, top: 462.0, right: 155494.8, bottom: 484.0 }, pics: 0
TRACE [neovide::renderer::rendered_window] region: Box2 { min: Point2 { x: 0.0, y: 198.0 }, max: Point2 { x: 450.93494, y: 264.0 } }, inner: Rect { left: 0.0, top: 220.0, right: 450.93494, bottom: 242.0 }, pics: 0
INFO [neovide::renderer::grid_renderer] blend 0
DEBUG [neovide::renderer] zindex: 199, base: 0
DEBUG [neovide::renderer] zindex: 200, base: 199
DEBUG [neovide::renderer] layer: [(6, SortOrder { z_index: 199, composition_order: 1 })]
DEBUG [neovide::renderer] layer: [(5, SortOrder { z_index: 200, composition_order: 2 })]
TRACE [neovide::renderer::rendered_window] region: Box2 { min: Point2 { x: 0.0, y: 0.0 }, max: Point2 { x: 461.0, y: 484.0 } }, inner: Rect { left: 0.0, top: 0.0, right: 461.0, bottom: 484.0 }, pics: 1
TRACE [neovide::renderer::rendered_window] region: Box2 { min: Point2 { x: 0.0, y: 0.0 }, max: Point2 { x: 461.0, y: 462.0 } }, inner: Rect { left: 0.0, top: 0.0, right: 461.0, bottom: 462.0 }, pics: 1
TRACE [neovide::renderer::rendered_window] region: Box2 { min: Point2 { x: 0.0, y: 440.0 }, max: Point2 { x: 155494.8, y: 484.0 } }, inner: Rect { left: 0.0, top: 462.0, right: 155494.8, bottom: 484.0 }, pics: 0
TRACE [neovide::renderer::rendered_window] region: Box2 { min: Point2 { x: 0.0, y: 198.0 }, max: Point2 { x: 450.93494, y: 264.0 } }, inner: Rect { left: 0.0, top: 220.0, right: 450.93494, bottom: 242.0 }, pics: 0
INFO [neovide::renderer::grid_renderer] blend 0
DEBUG [neovide::renderer] zindex: 199, base: 0
DEBUG [neovide::renderer] zindex: 200, base: 199
DEBUG [neovide::renderer] layer: [(6, SortOrder { z_index: 199, composition_order: 1 })]
DEBUG [neovide::renderer] layer: [(5, SortOrder { z_index: 200, composition_order: 2 })]
TRACE [neovide::renderer::rendered_window] region: Box2 { min: Point2 { x: 0.0, y: 0.0 }, max: Point2 { x: 461.0, y: 484.0 } }, inner: Rect { left: 0.0, top: 0.0, right: 461.0, bottom: 484.0 }, pics: 1
TRACE [neovide::renderer::rendered_window] region: Box2 { min: Point2 { x: 0.0, y: 0.0 }, max: Point2 { x: 461.0, y: 462.0 } }, inner: Rect { left: 0.0, top: 0.0, right: 461.0, bottom: 462.0 }, pics: 1
TRACE [neovide::renderer::rendered_window] region: Box2 { min: Point2 { x: 0.0, y: 440.0 }, max: Point2 { x: 155494.8, y: 484.0 } }, inner: Rect { left: 0.0, top: 462.0, right: 155494.8, bottom: 484.0 }, pics: 0
TRACE [neovide::renderer::rendered_window] region: Box2 { min: Point2 { x: 0.0, y: 198.0 }, max: Point2 { x: 450.93494, y: 264.0 } }, inner: Rect { left: 0.0, top: 220.0, right: 450.93494, bottom: 242.0 }, pics: 0
INFO [neovide::renderer::grid_renderer] blend 0
DEBUG [neovide::renderer] zindex: 199, base: 0
DEBUG [neovide::renderer] zindex: 200, base: 199
DEBUG [neovide::renderer] layer: [(6, SortOrder { z_index: 199, composition_order: 1 })]
DEBUG [neovide::renderer] layer: [(5, SortOrder { z_index: 200, composition_order: 2 })]
TRACE [neovide::renderer::rendered_window] region: Box2 { min: Point2 { x: 0.0, y: 0.0 }, max: Point2 { x: 461.0, y: 484.0 } }, inner: Rect { left: 0.0, top: 0.0, right: 461.0, bottom: 484.0 }, pics: 1
TRACE [neovide::renderer::rendered_window] region: Box2 { min: Point2 { x: 0.0, y: 0.0 }, max: Point2 { x: 461.0, y: 462.0 } }, inner: Rect { left: 0.0, top: 0.0, right: 461.0, bottom: 462.0 }, pics: 1
TRACE [neovide::renderer::rendered_window] region: Box2 { min: Point2 { x: 0.0, y: 440.0 }, max: Point2 { x: 155494.8, y: 484.0 } }, inner: Rect { left: 0.0, top: 462.0, right: 155494.8, bottom: 484.0 }, pics: 0
TRACE [neovide::renderer::rendered_window] region: Box2 { min: Point2 { x: 0.0, y: 198.0 }, max: Point2 { x: 450.93494, y: 264.0 } }, inner: Rect { left: 0.0, top: 220.0, right: 450.93494, bottom: 242.0 }, pics: 0
INFO [neovide::renderer::grid_renderer] blend 0
DEBUG [neovide::renderer] zindex: 199, base: 0
DEBUG [neovide::renderer] zindex: 200, base: 199
DEBUG [neovide::renderer] layer: [(6, SortOrder { z_index: 199, composition_order: 1 })]
DEBUG [neovide::renderer] layer: [(5, SortOrder { z_index: 200, composition_order: 2 })]
TRACE [neovide::renderer::rendered_window] region: Box2 { min: Point2 { x: 0.0, y: 0.0 }, max: Point2 { x: 461.0, y: 484.0 } }, inner: Rect { left: 0.0, top: 0.0, right: 461.0, bottom: 484.0 }, pics: 1
TRACE [neovide::renderer::rendered_window] region: Box2 { min: Point2 { x: 0.0, y: 0.0 }, max: Point2 { x: 461.0, y: 462.0 } }, inner: Rect { left: 0.0, top: 0.0, right: 461.0, bottom: 462.0 }, pics: 1
TRACE [neovide::renderer::rendered_window] region: Box2 { min: Point2 { x: 0.0, y: 440.0 }, max: Point2 { x: 155494.8, y: 484.0 } }, inner: Rect { left: 0.0, top: 462.0, right: 155494.8, bottom: 484.0 }, pics: 0
TRACE [neovide::renderer::rendered_window] region: Box2 { min: Point2 { x: 0.0, y: 198.0 }, max: Point2 { x: 450.93494, y: 264.0 } }, inner: Rect { left: 0.0, top: 220.0, right: 450.93494, bottom: 242.0 }, pics: 0
INFO [neovide::renderer::grid_renderer] blend 0
DEBUG [neovide::renderer] zindex: 199, base: 0
DEBUG [neovide::renderer] zindex: 200, base: 199
DEBUG [neovide::renderer] layer: [(6, SortOrder { z_index: 199, composition_order: 1 })]
DEBUG [neovide::renderer] layer: [(5, SortOrder { z_index: 200, composition_order: 2 })]
TRACE [neovide::renderer::rendered_window] region: Box2 { min: Point2 { x: 0.0, y: 0.0 }, max: Point2 { x: 461.0, y: 484.0 } }, inner: Rect { left: 0.0, top: 0.0, right: 461.0, bottom: 484.0 }, pics: 1
TRACE [neovide::renderer::rendered_window] region: Box2 { min: Point2 { x: 0.0, y: 0.0 }, max: Point2 { x: 461.0, y: 462.0 } }, inner: Rect { left: 0.0, top: 0.0, right: 461.0, bottom: 462.0 }, pics: 1
TRACE [neovide::renderer::rendered_window] region: Box2 { min: Point2 { x: 0.0, y: 440.0 }, max: Point2 { x: 155494.8, y: 484.0 } }, inner: Rect { left: 0.0, top: 462.0, right: 155494.8, bottom: 484.0 }, pics: 0
TRACE [neovide::renderer::rendered_window] region: Box2 { min: Point2 { x: 0.0, y: 198.0 }, max: Point2 { x: 450.93494, y: 264.0 } }, inner: Rect { left: 0.0, top: 220.0, right: 450.93494, bottom: 242.0 }, pics: 0
INFO [neovide::renderer::grid_renderer] blend 0
DEBUG [neovide::renderer] zindex: 199, base: 0
DEBUG [neovide::renderer] zindex: 200, base: 199
DEBUG [neovide::renderer] layer: [(6, SortOrder { z_index: 199, composition_order: 1 })]
DEBUG [neovide::renderer] layer: [(5, SortOrder { z_index: 200, composition_order: 2 })]
TRACE [neovide::renderer::rendered_window] region: Box2 { min: Point2 { x: 0.0, y: 0.0 }, max: Point2 { x: 461.0, y: 484.0 } }, inner: Rect { left: 0.0, top: 0.0, right: 461.0, bottom: 484.0 }, pics: 1
TRACE [neovide::renderer::rendered_window] region: Box2 { min: Point2 { x: 0.0, y: 0.0 }, max: Point2 { x: 461.0, y: 462.0 } }, inner: Rect { left: 0.0, top: 0.0, right: 461.0, bottom: 462.0 }, pics: 1
TRACE [neovide::renderer::rendered_window] region: Box2 { min: Point2 { x: 0.0, y: 440.0 }, max: Point2 { x: 155494.8, y: 484.0 } }, inner: Rect { left: 0.0, top: 462.0, right: 155494.8, bottom: 484.0 }, pics: 0
TRACE [neovide::renderer::rendered_window] region: Box2 { min: Point2 { x: 0.0, y: 198.0 }, max: Point2 { x: 450.93494, y: 264.0 } }, inner: Rect { left: 0.0, top: 220.0, right: 450.93494, bottom: 242.0 }, pics: 0
INFO [neovide::renderer::grid_renderer] blend 0
DEBUG [neovide::renderer] zindex: 199, base: 0
DEBUG [neovide::renderer] zindex: 200, base: 199
DEBUG [neovide::renderer] layer: [(6, SortOrder { z_index: 199, composition_order: 1 })]
DEBUG [neovide::renderer] layer: [(5, SortOrder { z_index: 200, composition_order: 2 })]
TRACE [neovide::renderer::rendered_window] region: Box2 { min: Point2 { x: 0.0, y: 0.0 }, max: Point2 { x: 461.0, y: 484.0 } }, inner: Rect { left: 0.0, top: 0.0, right: 461.0, bottom: 484.0 }, pics: 1
TRACE [neovide::renderer::rendered_window] region: Box2 { min: Point2 { x: 0.0, y: 0.0 }, max: Point2 { x: 461.0, y: 462.0 } }, inner: Rect { left: 0.0, top: 0.0, right: 461.0, bottom: 462.0 }, pics: 1
TRACE [neovide::renderer::rendered_window] region: Box2 { min: Point2 { x: 0.0, y: 440.0 }, max: Point2 { x: 155494.8, y: 484.0 } }, inner: Rect { left: 0.0, top: 462.0, right: 155494.8, bottom: 484.0 }, pics: 0
TRACE [neovide::renderer::rendered_window] region: Box2 { min: Point2 { x: 0.0, y: 198.0 }, max: Point2 { x: 450.93494, y: 264.0 } }, inner: Rect { left: 0.0, top: 220.0, right: 450.93494, bottom: 242.0 }, pics: 0
TRACE [neovide::window::keyboard_manager] KeyEvent {
    physical_key: Code(
        KeyN,
    ),
    logical_key: Character(
        "n",
    ),
    text: Some(
        "n",
    ),
    location: Standard,
    state: Pressed,
    repeat: false,
    platform_specific: KeyEventExtra {
        text_with_all_modifiers: Some(
            "n",
        ),
        key_without_modifiers: Character(
            "n",
        ),
    },
}
TRACE [neovide::window::keyboard_manager] Key pressed n ModifiersState(0x0)
TRACE [neovide::channel_utils] UICommand Serial(Keyboard("n"))
TRACE [neovide::channel_utils] UICommand Serial(Keyboard("n"))
TRACE [neovide::bridge::ui_commands] In Serial Command
TRACE [neovide::bridge::ui_commands] Keyboard Input Sent: n
TRACE [neovide::bridge::handler] Neovim notification: "redraw"
TRACE [neovide::channel_utils] neovim_handler WindowViewportMargins { grid: 5, top: 0, bottom: 0, left: 0, right: 0 }
TRACE [neovide::channel_utils] neovim_handler WindowViewportMargins { grid: 5, top: 0, bottom: 0, left: 0, right: 0 }
TRACE [neovide::channel_utils] neovim_handler WindowHide { grid: 5 }
TRACE [neovide::channel_utils] neovim_handler CursorGoto { grid: 5, row: 1, column: 1 }
TRACE [neovide::channel_utils] neovim_handler ModeChange { mode: Normal, mode_index: 0 }
TRACE [neovide::channel_utils] neovim_handler MouseOn
TRACE [neovide::channel_utils] neovim_handler Flush
TRACE [neovide::editor] Image flushed
TRACE [neovide::editor] send_batch
TRACE [neovide::bridge::handler] Neovim request: "neovide.quit"
INFO [neovide::running_tracker] Quit with code 0: Quit from neovim
INFO [neovide::renderer::grid_renderer] blend 0
DEBUG [neovide::renderer] zindex: 199, base: 0
DEBUG [neovide::renderer] zindex: 200, base: 199
DEBUG [neovide::renderer] layer: [(6, SortOrder { z_index: 199, composition_order: 1 })]
DEBUG [neovide::renderer] layer: [(5, SortOrder { z_index: 200, composition_order: 2 })]
TRACE [neovide::renderer::rendered_window] region: Box2 { min: Point2 { x: 0.0, y: 0.0 }, max: Point2 { x: 461.0, y: 484.0 } }, inner: Rect { left: 0.0, top: 0.0, right: 461.0, bottom: 484.0 }, pics: 1
TRACE [neovide::renderer::rendered_window] region: Box2 { min: Point2 { x: 0.0, y: 0.0 }, max: Point2 { x: 461.0, y: 462.0 } }, inner: Rect { left: 0.0, top: 0.0, right: 461.0, bottom: 462.0 }, pics: 1
TRACE [neovide::renderer::rendered_window] region: Box2 { min: Point2 { x: 0.0, y: 440.0 }, max: Point2 { x: 155494.8, y: 484.0 } }, inner: Rect { left: 0.0, top: 462.0, right: 155494.8, bottom: 484.0 }, pics: 0
TRACE [neovide::renderer::rendered_window] region: Box2 { min: Point2 { x: 0.0, y: 198.0 }, max: Point2 { x: 450.93494, y: 264.0 } }, inner: Rect { left: 0.0, top: 220.0, right: 450.93494, bottom: 242.0 }, pics: 0
INFO [neovide::renderer::grid_renderer] blend 0
DEBUG [neovide::renderer] zindex: 199, base: 0
DEBUG [neovide::renderer] layer: [(6, SortOrder { z_index: 199, composition_order: 1 })]
TRACE [neovide::renderer::rendered_window] region: Box2 { min: Point2 { x: 0.0, y: 0.0 }, max: Point2 { x: 461.0, y: 484.0 } }, inner: Rect { left: 0.0, top: 0.0, right: 461.0, bottom: 484.0 }, pics: 1
TRACE [neovide::renderer::rendered_window] region: Box2 { min: Point2 { x: 0.0, y: 0.0 }, max: Point2 { x: 461.0, y: 462.0 } }, inner: Rect { left: 0.0, top: 0.0, right: 461.0, bottom: 462.0 }, pics: 1
TRACE [neovide::renderer::rendered_window] region: Box2 { min: Point2 { x: 0.0, y: 440.0 }, max: Point2 { x: 155494.8, y: 484.0 } }, inner: Rect { left: 0.0, top: 462.0, right: 155494.8, bottom: 484.0 }, pics: 0
TRACE [neovide::renderer::fonts::caching_shaper] Shaping text: "["
INFO [neovide::renderer::grid_renderer] blend 0
DEBUG [neovide::renderer] zindex: 199, base: 0
DEBUG [neovide::renderer] layer: [(6, SortOrder { z_index: 199, composition_order: 1 })]
TRACE [neovide::renderer::rendered_window] region: Box2 { min: Point2 { x: 0.0, y: 0.0 }, max: Point2 { x: 461.0, y: 484.0 } }, inner: Rect { left: 0.0, top: 0.0, right: 461.0, bottom: 484.0 }, pics: 1
TRACE [neovide::renderer::rendered_window] region: Box2 { min: Point2 { x: 0.0, y: 0.0 }, max: Point2 { x: 461.0, y: 462.0 } }, inner: Rect { left: 0.0, top: 0.0, right: 461.0, bottom: 462.0 }, pics: 1
TRACE [neovide::renderer::rendered_window] region: Box2 { min: Point2 { x: 0.0, y: 440.0 }, max: Point2 { x: 155494.8, y: 484.0 } }, inner: Rect { left: 0.0, top: 462.0, right: 155494.8, bottom: 484.0 }, pics: 0
INFO [neovide::renderer::grid_renderer] blend 0
DEBUG [neovide::renderer] zindex: 199, base: 0
DEBUG [neovide::renderer] layer: [(6, SortOrder { z_index: 199, composition_order: 1 })]
TRACE [neovide::renderer::rendered_window] region: Box2 { min: Point2 { x: 0.0, y: 0.0 }, max: Point2 { x: 461.0, y: 484.0 } }, inner: Rect { left: 0.0, top: 0.0, right: 461.0, bottom: 484.0 }, pics: 1
TRACE [neovide::renderer::rendered_window] region: Box2 { min: Point2 { x: 0.0, y: 0.0 }, max: Point2 { x: 461.0, y: 462.0 } }, inner: Rect { left: 0.0, top: 0.0, right: 461.0, bottom: 462.0 }, pics: 1
TRACE [neovide::renderer::rendered_window] region: Box2 { min: Point2 { x: 0.0, y: 440.0 }, max: Point2 { x: 155494.8, y: 484.0 } }, inner: Rect { left: 0.0, top: 462.0, right: 155494.8, bottom: 484.0 }, pics: 0
TRACE [neovide::window::keyboard_manager] KeyEvent {
    physical_key: Code(
        KeyN,
    ),
    logical_key: Character(
        "n",
    ),
    text: Some(
        "n",
    ),
    location: Standard,
    state: Released,
    repeat: false,
    platform_specific: KeyEventExtra {
        text_with_all_modifiers: Some(
            "n",
        ),
        key_without_modifiers: Character(
            "n",
        ),
    },
}
DEBUG [neovide::settings::window_size] Saved Window Settings: {"window":{"Maximized":{"grid_size":{"width":29,"height":22}}}}
